RK,PLAYER,GP,MPG,TS%,AST,TO,USG,ORR,DRR,REBR,PER,VA,EWA
DeAndre Liggins,MIA,1,1.0,1.000,0.0,0.0,41.3,130.5,0.0,62.8,129.47,0.0,0.0
Tony Mitchell,MIL,3,3.3,.600,16.7,0.0,21.8,11.1,0.0,5.7,31.00,0.0,0.0
Kevin Durant,OKC,81,38.5,.635,16.1,10.3,31.2,2.2,18.6,10.8,29.90,903.8,30.1
LeBron James,MIA,77,37.7,.649,20.6,11.4,29.1,3.6,18.9,11.5,29.40,818.5,27.3
Kevin Love,MIN,77,36.3,.591,15.2,8.7,27.7,8.5,29.5,18.7,26.97,645.8,21.5
Anthony Davis,NO,67,35.2,.582,7.4,7.7,23.2,10.0,23.3,16.6,26.54,529.3,17.6
DeMarcus Cousins,SAC,71,32.4,.555,10.8,13.1,30.7,10.6,30.5,20.4,26.18,534.5,17.8
Chris Paul,LAC,62,35.0,.580,36.2,7.9,25.0,2.0,11.4,6.9,25.98,485.2,16.2
Brook Lopez,BKN,17,31.4,.629,4.9,8.7,24.1,8.8,14.1,11.5,25.50,118.6,4.0
Russell Westbrook,OKC,46,30.7,.545,22.5,12.5,33.5,4.6,15.9,10.5,24.74,289.6,9.7
Carmelo Anthony,NY,77,38.7,.561,10.4,8.5,30.1,5.6,19.4,12.3,24.50,623.0,20.8
Stephen Curry,GS,78,36.5,.610,26.7,11.8,28.2,1.8,10.9,6.4,24.13,557.6,18.6
Blake Griffin,LAC,80,35.8,.583,14.1,10.2,27.1,7.7,21.2,14.7,23.98,533.3,17.8
Dirk Nowitzki,DAL,80,32.9,.603,12.2,6.6,24.9,1.8,20.0,10.9,23.68,477.7,15.9
Brandan Wright,DAL,58,18.6,.695,7.0,7.9,15.8,11.0,15.1,13.1,23.60,194.5,6.5
James Harden,HOU,73,38.0,.618,20.2,12.0,26.8,2.6,10.7,6.9,23.51,539.2,18.0
Al Jefferson,CHA,73,35.0,.532,8.7,7.0,26.7,6.9,28.3,17.5,22.75,462.9,15.4
Andre Drummond,DET,81,32.3,.599,3.3,10.4,15.6,17.5,27.7,22.3,22.65,470.9,15.7
Al Horford,ATL,29,33.0,.588,12.7,10.7,22.7,8.0,21.4,14.8,22.08,164.2,5.5
Dwyane Wade,MIA,54,32.9,.588,19.6,12.5,26.1,4.4,12.4,8.5,22.06,306.3,10.2
LaMarcus Aldridge,POR,69,36.2,.507,9.5,6.5,27.9,7.2,25.6,16.5,21.84,385.7,12.9
Goran Dragic,PHX,76,35.1,.604,23.1,11.0,24.1,2.9,7.4,5.2,21.43,435.4,14.5
Tim Duncan,SA,74,29.2,.535,15.4,11.2,23.5,8.6,28.3,18.8,21.40,318.8,10.6
Dwight Howard,HOU,71,33.7,.600,9.1,15.9,22.0,11.4,27.9,20.1,21.36,384.8,12.8
Nikola Pekovic,MIN,54,30.8,.582,5.3,8.9,21.1,13.1,17.6,15.3,20.72,251.2,8.4
Isaiah Thomas,SAC,72,34.7,.574,23.4,11.0,26.1,2.1,7.5,4.7,20.54,355.6,11.9
Kyle Lowry,TOR,79,36.2,.567,28.9,9.6,23.4,3.6,11.5,7.5,20.20,392.9,13.1
Paul George,IND,80,36.2,.555,13.7,10.8,26.4,2.6,17.7,10.5,20.16,417.9,13.9
Kyrie Irving,CLE,71,35.2,.533,21.6,9.5,27.8,2.3,9.5,5.8,20.14,340.4,11.3
Mike Conley,MEM,73,33.5,.545,25.3,8.6,24.7,2.0,8.4,5.2,20.07,331.0,11.0
Manu Ginobili,SA,68,22.8,.590,25.7,12.2,24.2,2.3,12.0,7.3,20.06,221.2,7.4
Joakim Noah,CHI,80,35.3,.531,27.4,12.3,18.9,11.6,24.5,18.2,20.06,398.3,13.3
Kenneth Faried,DEN,80,27.2,.573,8.1,11.4,19.7,11.8,22.2,16.9,19.90,273.1,9.1
Paul Millsap,ATL,74,33.5,.545,14.2,11.3,23.7,7.2,21.9,14.6,19.83,308.4,10.3
Serge Ibaka,OKC,81,32.9,.576,6.7,9.7,18.0,10.0,19.6,15.0,19.66,324.8,10.8
Eric Bledsoe,PHX,43,32.9,.578,22.6,13.8,24.4,2.1,13.8,8.0,19.62,182.2,6.1
John Wall,WSH,82,36.3,.524,28.5,11.7,27.7,1.5,11.7,6.5,19.61,383.0,12.8
Kawhi Leonard,SA,66,29.1,.602,14.6,8.8,17.0,4.6,18.9,12.1,19.43,256.3,8.5
Jordan Hill,LAL,72,20.8,.579,7.4,10.3,17.6,13.8,24.3,19.0,19.39,176.6,5.9
Pau Gasol,LAL,60,31.4,.522,15.0,10.5,24.4,7.0,25.9,16.4,19.34,245.8,8.2
Maalik Wayns,LAC,2,4.5,.500,50.0,0.0,11.6,0.0,23.9,12.3,19.30,0.0,0.0
David Lee,GS,69,33.2,.566,10.4,10.8,22.4,8.8,21.6,15.3,19.21,263.2,8.8
Terrence Jones,HOU,76,27.3,.577,9.1,7.4,16.8,9.2,18.5,14.1,19.14,236.9,7.9
Cole Aldrich,NY,46,7.2,.620,13.2,16.9,12.2,12.8,33.8,23.0,19.11,41.9,1.4
Chris Bosh,MIA,79,32.0,.597,6.8,9.7,20.0,5.1,20.3,13.0,19.11,321.5,10.7
Mason Plumlee,BKN,70,18.2,.670,11.4,14.7,15.6,9.3,19.6,14.5,19.09,144.4,4.8
Ty Lawson,DEN,62,35.8,.553,31.4,11.6,23.5,1.9,8.5,5.2,19.02,266.0,8.9
Derrick Favors,UTAH,73,30.2,.556,8.3,11.8,19.3,10.1,23.7,16.7,19.01,276.3,9.2
Tony Parker,SA,68,29.4,.555,24.9,9.7,25.9,1.0,7.5,4.4,19.00,238.5,7.9
Jannero Pargo,CHA,29,8.3,.554,25.9,12.9,27.9,0.5,8.9,4.7,19.00,28.9,1.0
Ryan Anderson,NO,22,36.1,.572,4.1,4.8,20.9,9.5,11.3,10.4,18.89,87.7,2.9
Amar'e Stoudemire,NY,65,22.6,.596,4.4,11.8,21.3,8.7,17.2,12.8,18.89,161.6,5.4
Andray Blatche,BKN,73,22.2,.532,11.3,11.1,23.4,8.9,19.9,14.4,18.85,199.2,6.6
Nikola Vucevic,ORL,57,31.8,.536,10.7,11.5,20.0,11.5,27.6,19.5,18.85,223.0,7.4
Patty Mills,SA,81,18.9,.588,16.3,6.9,21.2,2.6,9.6,6.2,18.80,177.7,5.9
Damian Lillard,POR,82,35.8,.568,21.3,9.0,24.7,1.3,9.2,5.3,18.69,337.1,11.2
Chris Andersen,MIA,72,19.4,.683,4.5,12.6,12.1,12.1,21.7,17.1,18.56,147.0,4.9
James Johnson,MEM,52,18.4,.552,21.2,12.6,19.7,7.4,13.2,10.3,18.50,99.9,3.3
Markieff Morris,PHX,81,26.6,.564,11.3,11.5,21.6,7.3,18.0,12.6,18.48,224.1,7.5
Drew Gooden,WSH,22,18.0,.591,8.0,9.1,18.1,10.7,23.0,16.7,18.44,40.9,1.4
Tyreke Evans,NO,72,28.2,.504,23.1,11.1,26.7,4.3,15.4,9.8,18.43,239.9,8.0
DeMar DeRozan,TOR,79,38.2,.532,14.4,8.1,26.6,2.0,11.3,6.6,18.42,356.8,11.9
Rudy Gay,SAC/TOR,73,34.7,.540,11.7,12.6,25.2,5.0,14.7,9.8,18.40,298.3,9.9
Zach Randolph,MEM,79,34.2,.510,11.6,10.6,24.6,11.6,23.3,17.4,18.37,277.4,9.2
Kris Humphries,BOS,69,19.9,.552,10.2,9.8,17.8,10.2,24.0,16.9,18.28,157.8,5.3
Marc Gasol,MEM,59,33.4,.526,18.8,9.7,21.2,5.0,20.5,12.7,18.27,225.4,7.5
DeAndre Jordan,LAC,82,35.0,.630,8.4,14.0,11.3,13.3,29.3,21.6,18.19,325.1,10.8
Greg Monroe,DET,82,32.8,.531,11.3,11.0,20.6,9.9,21.6,15.4,18.16,267.4,8.9
Tony Mitchell,DET,21,3.8,.540,7.6,15.2,12.5,19.7,16.0,18.0,18.14,7.8,0.3
John Henson,MIL,70,26.5,.543,12.0,12.1,19.1,10.2,20.8,15.3,17.97,204.0,6.8
Deron Williams,BKN,64,32.2,.564,29.1,10.6,21.7,0.9,8.9,4.9,17.69,205.7,6.9
Chris Copeland,IND,41,6.5,.621,11.6,9.0,21.9,3.1,10.1,6.8,17.69,28.4,0.9
Robin Lopez,POR,82,31.8,.605,8.0,9.3,13.0,13.6,15.3,14.5,17.68,275.2,9.2
Marcin Gortat,WSH,81,32.8,.568,11.5,10.5,16.9,8.7,25.1,16.7,17.66,279.7,9.3
Jon Leuer,MEM,49,13.1,.566,6.4,8.6,19.5,6.8,22.4,14.6,17.65,58.9,2.0
David West,IND,80,30.9,.533,15.9,9.5,20.6,5.7,18.3,12.3,17.55,223.1,7.4
Jeff Adrien,MIL/CHA,53,18.1,.553,9.4,9.6,18.4,11.8,24.8,18.2,17.49,85.9,2.9
Jamal Crawford,LAC,69,30.3,.556,14.8,8.9,25.5,1.9,6.4,4.2,17.39,215.2,7.2
DeJuan Blair,DAL,78,15.6,.557,11.8,13.0,18.1,13.3,21.6,17.5,17.33,121.9,4.1
Jrue Holiday,NO,34,33.6,.505,31.4,12.3,24.1,2.8,11.8,7.2,17.19,105.6,3.5
Jeff Teague,ATL,79,32.2,.541,26.9,11.8,25.2,1.6,7.9,4.7,17.16,233.6,7.8
Andrew Bogut,GS,67,26.4,.610,18.3,15.8,11.9,11.4,29.7,20.7,17.11,171.8,5.7
Chris Kaman,LAL,39,18.9,.537,11.4,14.6,24.3,7.8,25.4,16.6,17.06,71.0,2.4
Anderson Varejao,CLE,65,27.7,.527,19.2,9.9,14.3,11.4,28.2,19.6,17.05,173.4,5.8
Hilton Armstrong,GS,15,6.5,.480,13.5,16.2,13.6,21.8,31.0,26.5,16.98,7.9,0.3
Samuel Dalembert,DAL,80,20.2,.605,6.7,15.9,13.5,14.4,24.2,19.4,16.88,151.3,5.0
Monta Ellis,DAL,82,36.9,.532,21.4,12.0,25.1,1.5,9.8,5.6,16.83,285.4,9.5
Kemba Walker,CHA,73,35.8,.499,23.4,8.9,25.0,1.7,11.6,6.6,16.82,227.1,7.6
Paul Pierce,BKN,75,28.0,.595,15.1,13.0,20.8,1.5,18.3,9.9,16.81,197.5,6.6
Michael Beasley,MIA,55,15.1,.559,8.4,11.7,22.9,4.9,20.5,13.0,16.80,78.2,2.6
Timofey Mozgov,DEN,82,21.6,.584,7.4,14.5,17.3,10.4,21.9,16.1,16.77,162.9,5.4
Nene ,WSH,53,29.4,.530,15.6,11.9,22.7,4.7,17.3,10.9,16.67,120.4,4.0
J.J. Redick,LAC,35,28.2,.598,13.8,7.4,20.3,1.0,7.1,4.2,16.64,90.5,3.0
Thaddeus Young,PHI,79,34.4,.512,10.5,9.5,22.5,6.3,12.8,9.5,16.64,208.6,7.0
Brandon Knight,MIL,72,33.3,.523,19.8,10.6,26.2,2.1,10.3,6.1,16.59,200.3,6.7
Gorgui Dieng,MIN,60,13.6,.534,10.8,15.0,15.8,13.4,26.9,20.0,16.58,73.0,2.4
Tiago Splitter,SA,59,21.5,.572,15.3,12.8,16.5,11.4,20.5,16.1,16.58,113.4,3.8
Chris Wright,MIL,8,15.8,.577,9.7,9.7,15.7,8.8,9.4,9.1,16.56,11.4,0.4
Gerald Green,PHX,82,28.4,.585,8.9,10.6,21.8,2.3,10.9,6.6,16.55,210.4,7.0
Tobias Harris,ORL,61,30.3,.542,8.3,7.9,20.2,5.4,20.6,13.0,16.54,166.9,5.6
Kosta Koufos,MEM,80,16.9,.514,6.4,11.1,18.0,14.0,22.7,18.4,16.54,119.6,4.0
Reggie Williams,OKC,3,5.7,.611,8.3,16.7,26.2,0.0,0.0,0.0,16.54,1.5,0.1
Kyle O'Quinn,ORL,69,17.2,.526,13.8,13.8,17.3,9.5,25.2,17.3,16.52,89.1,3.0
Tyson Chandler,NY,55,30.2,.615,11.3,13.6,12.0,10.9,27.0,18.7,16.48,145.8,4.9
Jared Sullinger,BOS,74,27.6,.497,9.6,9.7,22.6,13.0,20.6,16.7,16.42,177.2,5.9
Kevin Martin,MIN,68,32.0,.553,8.8,7.6,23.4,1.7,8.7,5.1,16.37,190.8,6.4
J.J. Hickson,DEN,69,26.9,.521,9.5,12.7,19.4,11.9,24.8,18.3,16.27,157.3,5.2
Jeremy Evans,UTAH,66,18.3,.549,9.8,8.9,14.3,11.1,18.7,14.8,16.27,104.1,3.5
D.J. Augustin,CHI/TOR,71,27.3,.569,24.9,10.0,22.6,0.9,6.7,3.8,16.22,151.0,5.0
Gordon Hayward,UTAH,77,36.4,.520,22.1,11.7,22.7,2.5,14.0,8.0,16.22,238.9,8.0
Darren Collison,LAC,80,25.9,.575,24.3,10.8,19.4,2.6,7.3,5.0,16.21,160.8,5.4
Jonas Valanciunas,TOR,81,28.2,.579,5.8,13.8,16.9,11.5,25.1,18.2,16.17,189.6,6.3
Henry Sims,CLE/PHI,46,19.0,.535,12.4,9.8,14.6,12.5,17.2,14.7,16.14,72.4,2.4
D.J. Stephens,MIL,3,5.0,.470,0.0,0.0,20.3,7.4,31.6,19.1,16.12,1.3,0.0
Nick Young,LAL,64,28.3,.564,7.9,7.9,24.1,1.7,8.1,4.9,16.11,151.6,5.1
Arron Afflalo,ORL,73,35.0,.574,16.0,9.4,21.9,1.4,10.2,5.8,16.09,212.8,7.1
Taj Gibson,CHI,82,28.7,.524,7.2,11.9,21.2,9.8,17.1,13.5,16.09,161.0,5.4
Ramon Sessions,MIL/CHA,83,26.7,.539,23.7,10.3,21.5,1.9,8.6,5.2,16.04,166.5,5.6
C.J. Miles,CLE,51,19.3,.569,9.7,8.2,20.6,2.0,9.9,5.9,16.03,81.2,2.7
Troy Daniels,HOU,5,15.0,.677,12.8,7.7,18.5,0.0,5.6,3.0,16.01,6.2,0.2
Ed Davis,MEM,63,15.2,.542,6.8,10.1,16.5,11.4,20.9,16.1,15.99,64.0,2.1
Vince Carter,DAL,81,24.4,.539,17.4,8.9,21.9,4.0,12.6,8.3,15.97,161.2,5.4
Chandler Parsons,HOU,74,37.6,.565,19.5,9.4,18.6,2.9,12.8,8.2,15.90,224.3,7.5
Jimmer Fredette,CHI/SAC,49,10.6,.578,18.4,13.8,25.9,1.7,9.7,5.7,15.88,37.8,1.3
Trevor Ariza,WSH,77,35.4,.590,15.1,10.5,16.8,4.1,16.3,10.1,15.87,218.4,7.3
Nicolas Batum,POR,82,36.0,.589,27.3,13.5,16.8,4.3,17.8,11.1,15.86,236.7,7.9
Alec Burks,UTAH,78,28.1,.547,15.6,11.0,22.8,3.0,10.7,6.8,15.82,157.8,5.3
Spencer Hawes,CLE/PHI,80,30.9,.554,17.6,12.7,19.8,5.6,24.2,14.6,15.77,190.6,6.4
Wesley Matthews,POR,82,33.9,.588,13.6,7.6,18.7,2.0,9.1,5.6,15.70,215.9,7.2
Enes Kanter,UTAH,80,26.7,.523,6.5,12.4,21.4,11.6,20.9,16.1,15.70,162.7,5.4
Brandon Jennings,DET,80,34.1,.486,29.0,10.2,24.6,2.2,7.8,4.9,15.67,190.0,6.3
Tony Allen,MEM,55,23.2,.531,14.5,13.8,19.2,7.3,12.0,9.6,15.64,98.1,3.3
Nate Robinson,DEN,44,19.7,.544,19.0,9.8,22.8,2.6,7.5,5.0,15.64,60.0,2.0
Michael Carter-Williams,PHI,70,34.5,.480,23.2,13.0,25.3,4.3,15.6,9.8,15.59,165.4,5.5
MarShon Brooks,BOS/GS/LAL,35,9.0,.551,12.9,12.4,21.2,0.0,0.0,0.0,15.58,24.0,0.8
Joe Johnson,BKN,79,32.6,.564,15.0,8.3,20.7,2.2,10.3,6.3,15.54,193.5,6.5
James Jones,MIA,20,11.8,.666,10.5,4.7,14.0,1.1,10.8,6.1,15.47,17.5,0.6
Amir Johnson,TOR,77,28.8,.592,12.6,13.5,15.4,9.0,17.6,13.3,15.44,130.2,4.3
Reggie Jackson,OKC,80,28.5,.527,22.2,11.3,22.0,2.2,12.8,7.8,15.43,150.6,5.0
Tyler Zeller,CLE,70,15.0,.581,8.2,13.7,15.9,10.8,19.6,15.1,15.43,75.5,2.5
Ricky Rubio,MIN,82,32.2,.491,40.9,12.9,18.3,2.5,11.9,7.1,15.35,171.3,5.7
Mike Scott,ATL,80,18.5,.559,8.9,9.4,21.2,4.9,17.2,11.1,15.34,85.0,2.8
Jermaine O'Neal,GS,44,20.1,.570,6.5,13.6,16.2,10.7,19.1,15.0,15.34,62.5,2.1
Rajon Rondo,BOS,30,33.3,.461,38.1,12.8,23.2,2.4,16.6,9.3,15.34,64.6,2.2
Mike Harris,UTAH,20,11.3,.576,5.6,12.4,15.7,7.4,9.5,8.4,15.31,0.0,0.0
Miroslav Raduljica,MIL,48,9.7,.603,11.4,13.9,16.3,12.9,13.7,13.3,15.31,32.7,1.1
Kelly Olynyk,BOS,70,20.0,.546,14.1,13.8,20.0,11.0,18.8,14.8,15.27,97.5,3.3
Jeff Withey,NO,58,11.8,.590,12.6,9.7,11.3,8.2,17.4,12.7,15.25,47.5,1.6
Andrew Bynum,CLE/IND,26,19.8,.456,9.4,11.0,21.9,11.3,20.4,15.8,15.25,35.8,1.2
Jose Calderon,DAL,81,30.5,.596,30.0,8.2,16.4,1.4,7.6,4.5,15.25,156.4,5.2
Luol Deng,CHI/CLE,63,35.1,.517,14.4,8.9,24.0,5.0,13.5,9.2,15.22,155.8,5.2
Marreese Speights,GS,79,12.4,.507,5.3,11.0,23.0,11.4,20.6,16.1,15.22,54.5,1.8
Marco Belinelli,SA,80,25.2,.605,17.4,9.3,17.9,1.0,11.2,6.3,15.09,138.2,4.6
Robert Covington,HOU,7,4.9,.571,0.0,6.7,17.2,6.9,9.3,8.2,15.06,2.3,0.1
Jordan Farmar,LAL,41,22.2,.533,29.1,13.9,23.1,2.3,9.8,6.1,15.05,55.2,1.8
Trevor Booker,WSH,72,21.6,.563,11.5,10.4,13.4,10.9,17.5,14.1,15.02,81.6,2.7
Brandon Bass,BOS,82,27.6,.549,8.5,10.0,17.0,7.8,15.9,11.8,15.01,118.8,4.0
Tristan Thompson,CLE,82,31.6,.528,6.6,9.9,16.2,11.4,21.5,16.3,14.96,133.8,4.5
Eric Gordon,NO,64,32.1,.540,16.5,10.7,22.2,1.7,7.7,4.7,14.92,135.8,4.5
Marcus Morris,PHX,82,22.0,.552,9.7,10.5,18.4,5.2,14.6,9.9,14.89,91.0,3.0
Jodie Meeks,LAL,77,33.2,.601,11.0,8.8,17.4,1.3,6.9,4.1,14.75,162.2,5.4
Cory Joseph,SA,68,13.8,.558,24.6,9.3,16.5,4.0,8.7,6.4,14.72,52.0,1.7
Lance Stephenson,IND,78,35.3,.564,23.5,13.8,19.0,4.1,18.1,11.4,14.72,173.3,5.8
Patrick Patterson,SAC/TOR,65,23.6,.533,11.8,9.8,14.4,8.8,17.1,12.9,14.67,72.6,2.4
Devin Harris,DAL,40,20.5,.517,32.9,10.9,20.8,1.1,10.8,6.0,14.66,44.6,1.5
Alexis Ajinca,NO,56,17.0,.589,10.5,16.5,15.2,11.3,22.7,16.9,14.62,57.1,1.9
Miles Plumlee,PHX,80,24.6,.529,5.6,14.5,14.7,11.3,24.4,17.9,14.60,117.3,3.9
Andrea Bargnani,NY,42,29.9,.510,6.9,8.9,20.5,6.3,14.7,10.4,14.53,73.8,2.5
Shaun Livingston,BKN,76,26.0,.551,26.6,11.4,15.8,4.1,10.8,7.5,14.52,103.8,3.5
Carlos Boozer,CHI,76,28.2,.489,8.8,11.5,24.4,7.4,25.9,16.8,14.48,95.2,3.2
Will Bynum,DET,56,18.8,.502,26.9,12.8,24.7,2.4,8.2,5.1,14.44,54.1,1.8
Jordan Crawford,BOS/GS,81,23.0,.516,22.0,10.5,22.4,1.7,9.4,5.5,14.40,108.2,3.6
Mirza Teletovic,BKN,72,19.4,.559,8.5,8.1,18.5,5.2,17.6,11.4,14.38,60.1,2.0
Bradley Beal,WSH,73,34.7,.507,15.2,8.0,23.0,2.4,10.2,6.3,14.32,144.2,4.8
Klay Thompson,GS,81,35.4,.555,10.9,8.2,20.9,1.5,7.9,4.7,14.32,163.3,5.4
Jeremy Lin,HOU,71,28.9,.572,23.5,14.1,20.0,2.0,7.8,5.1,14.31,101.4,3.4
Louis Williams,ATL,60,24.1,.547,24.0,10.5,20.2,0.8,9.1,5.0,14.24,80.7,2.7
Tyler Hansbrough,TOR,64,15.3,.562,5.0,13.8,13.8,14.2,20.0,17.1,14.20,39.4,1.3
Greivis Vasquez,SAC/TOR,79,22.5,.537,27.9,11.1,19.1,1.3,10.0,5.6,14.20,84.8,2.8
Thomas Robinson,POR,70,12.5,.502,7.9,13.3,18.4,13.1,24.6,18.9,14.15,34.6,1.2
Boris Diaw,SA,79,25.0,.578,23.0,12.6,16.4,4.4,13.8,9.3,14.12,77.2,2.6
Josh Smith,DET,77,35.5,.463,13.9,11.0,23.9,3.9,17.6,10.4,14.10,146.8,4.9
Dion Waiters,CLE,70,29.6,.508,14.4,10.5,25.7,1.7,9.0,5.3,14.10,111.3,3.7
Mario Chalmers,MIA,73,29.8,.567,31.0,14.1,17.3,2.5,9.6,6.2,14.06,99.6,3.3
Elton Brand,ATL,73,19.4,.561,14.6,11.8,12.9,8.0,21.5,14.8,14.05,53.8,1.8
Omer Asik,HOU,48,20.2,.570,7.6,17.9,12.6,12.3,30.1,21.7,14.05,49.8,1.7
Marvin Williams,UTAH,66,25.4,.540,11.3,7.7,15.7,5.5,17.9,11.5,14.04,63.4,2.1
Rodney Stuckey,DET,73,26.7,.516,12.1,9.9,23.5,2.1,7.7,4.7,14.04,102.9,3.4
Zaza Pachulia,MIL,53,25.0,.502,21.4,14.5,16.8,11.8,17.1,14.4,14.03,67.9,2.3
Larry Sanders,MIL,23,25.4,.478,8.2,11.2,15.3,11.4,21.3,16.2,14.02,29.8,1.0
J.R. Smith,NY,74,32.7,.527,16.3,8.0,20.6,1.7,13.1,7.2,14.00,126.4,4.2
Anthony Morrow,NO,76,18.8,.570,8.8,7.6,18.0,2.3,9.2,5.7,13.96,73.6,2.5
DeMarre Carroll,ATL,73,32.1,.575,14.6,8.6,14.1,5.3,14.5,10.0,13.96,120.8,4.0
Andre Miller,DEN/WSH,58,16.9,.534,37.7,11.7,15.5,3.1,11.7,7.4,13.90,42.5,1.4
Danny Green,SA,68,24.3,.580,14.6,10.7,15.5,1.8,13.4,7.8,13.90,83.7,2.8
Jameer Nelson,ORL,68,32.0,.515,33.1,11.5,20.7,1.5,10.5,6.0,13.89,94.1,3.1
Ersan Ilyasova,MIL,55,26.9,.486,9.4,7.9,19.9,8.0,18.8,13.3,13.85,51.9,1.7
Ronny Turiaf,MIN,31,19.5,.578,13.1,13.6,10.2,9.6,22.0,15.6,13.84,29.3,1.0
Seth Curry,CLE/MEM,2,6.5,.500,0.0,0.0,13.4,0.0,8.9,4.4,13.82,0.0,0.0
Josh McRoberts,CHA,78,30.3,.548,32.7,8.1,13.7,4.0,13.8,8.9,13.82,81.6,2.7
Courtney Lee,BOS/MEM,79,25.0,.574,13.5,8.6,18.2,1.7,9.5,5.5,13.80,97.2,3.2
Shawn Marion,DAL,76,31.7,.537,13.0,9.9,14.6,6.4,17.4,11.9,13.78,117.9,3.9
Greg Smith,HOU,11,9.1,.629,0.0,14.2,13.7,13.0,16.8,15.0,13.74,3.3,0.1
Andre Iguodala,GS,63,32.4,.570,29.9,11.4,13.5,2.9,12.6,7.8,13.71,97.7,3.3
Victor Oladipo,ORL,80,31.1,.514,19.7,15.4,23.3,1.9,13.1,7.5,13.64,116.5,3.9
Will Barton,POR,41,9.4,.488,14.9,8.1,20.3,4.5,16.0,10.3,13.60,17.9,0.6
Jimmy Butler,CHI,67,38.7,.522,15.6,9.1,16.1,3.9,10.5,7.2,13.57,118.7,4.0
Kyle Korver,ATL,71,33.9,.653,21.7,10.6,13.6,1.1,12.4,6.8,13.55,109.8,3.7
Roy Hibbert,IND,81,29.7,.499,8.2,13.3,17.7,9.9,15.0,12.5,13.54,105.7,3.5
Brian Roberts,NO,72,23.2,.529,24.2,9.8,19.9,1.2,8.4,4.7,13.49,61.9,2.1
Josh Harrellson,DET,32,9.9,.547,13.6,9.1,12.5,9.8,16.7,13.1,13.46,9.3,0.3
Jeremy Lamb,OKC,78,19.7,.522,14.1,7.5,18.8,2.1,11.3,6.9,13.44,67.4,2.2
Luis Scola,IND,82,17.1,.505,10.0,13.4,21.9,7.2,23.4,15.7,13.42,40.2,1.3
Jonas Jerebko,DET,64,11.6,.577,12.3,13.6,15.5,7.2,19.3,12.9,13.42,21.2,0.7
George Hill,IND,76,32.0,.563,25.2,8.8,14.6,2.6,10.1,6.5,13.42,87.7,2.9
Carrick Felix,CLE,7,5.4,.603,16.8,16.8,22.4,2.9,15.1,8.9,13.39,1.6,0.1
Kevin Garnett,BKN,54,20.5,.467,15.5,13.1,17.5,6.5,32.1,19.3,13.35,45.5,1.5
Bismack Biyombo,CHA,77,13.9,.606,3.5,17.3,8.6,11.0,27.6,19.3,13.33,43.6,1.5
Randy Foye,DEN,81,30.7,.558,20.7,10.4,18.4,1.6,8.5,5.0,13.31,104.3,3.5
P.J. Tucker,PHX,81,30.7,.540,14.9,10.8,13.4,7.3,16.6,11.9,13.31,104.5,3.5
Jarvis Varnado,CHI/PHI,24,14.1,.597,12.3,9.4,0.0,5.8,14.6,10.0,13.30,9.1,0.3
Shelvin Mack,ATL,73,20.4,.510,30.3,10.0,19.0,1.6,10.7,6.2,13.28,50.7,1.7
Channing Frye,PHX,82,28.2,.555,9.7,8.8,16.0,3.6,16.6,10.1,13.26,60.6,2.0
Shabazz Muhammad,MIN,37,7.8,.505,3.7,9.8,21.2,8.8,11.2,10.0,13.20,11.7,0.4
Al-Farouq Aminu,NO,80,25.6,.516,15.1,11.6,13.6,7.2,21.2,14.1,13.19,82.2,2.7
Jeff Green,BOS,82,34.2,.520,8.5,10.1,22.0,2.1,13.6,7.7,13.17,111.7,3.7
Glen Davis,LAC/ORL,68,24.4,.491,9.6,9.4,14.0,7.4,16.4,11.9,13.14,40.6,1.4
Gerald Henderson,CHA,77,32.0,.507,14.4,8.2,20.6,1.4,12.9,7.1,13.13,96.6,3.2
Cody Zeller,CHA,82,17.3,.498,13.7,13.0,17.5,9.4,18.8,14.1,13.12,53.3,1.8
Nando de Colo,SA/TOR,47,10.5,.526,24.2,13.0,17.7,3.3,13.3,8.4,13.11,15.6,0.5
Jeremy Tyler,NY,41,9.7,.532,4.7,15.2,17.3,10.9,21.6,16.1,13.09,9.4,0.3
C.J. Watson,IND,63,18.9,.555,19.8,11.1,15.9,1.9,7.4,4.8,13.08,37.0,1.2
Dexter Pittman,ATL,2,1.5,.000,0.0,0.0,24.9,116.6,0.0,57.9,13.08,0.1,0.0
Pablo Prigioni,NY,66,19.4,.642,47.1,12.4,10.8,3.2,8.8,5.9,13.02,38.7,1.3
Casper Ware,PHI,9,12.9,.538,16.8,8.4,17.3,0.0,8.7,4.2,13.01,3.5,0.1
Tony Wroten,PHI,72,24.5,.493,15.8,14.9,26.4,4.1,10.1,7.0,12.96,64.9,2.2
Rudy Gobert,UTAH,45,9.6,.507,4.9,22.6,13.0,13.1,28.5,20.6,12.96,15.3,0.5
Gustavo Ayon,ATL,26,16.5,.505,16.7,17.3,13.8,11.4,22.3,16.9,12.93,9.2,0.3
Omri Casspi,HOU,71,18.1,.528,14.1,11.5,17.2,5.1,16.8,11.3,12.91,46.2,1.5
Raymond Felton,NY,65,31.0,.476,31.6,11.2,18.8,3.1,8.6,5.7,12.90,57.2,1.9
Ray Allen,MIA,73,26.5,.590,17.4,10.2,15.5,1.6,11.4,6.7,12.83,67.4,2.2
Byron Mullens,LAC/PHI,45,9.2,.544,6.5,12.6,19.1,6.3,18.1,12.1,12.81,13.6,0.5
Avery Bradley,BOS,60,30.9,.510,8.1,9.1,21.6,2.9,11.2,6.9,12.80,49.9,1.7
Tim Hardaway Jr.,NY,81,23.1,.554,7.7,5.5,18.0,1.2,6.6,3.8,12.79,64.1,2.1
Ricky Ledo,DAL,11,3.0,.506,8.8,8.8,26.1,0.0,7.0,3.5,12.78,1.1,0.0
Charlie Villanueva,DET,20,9.0,.469,5.4,6.3,23.6,3.5,17.9,10.3,12.78,3.4,0.1
Nate Wolters,MIL,58,22.6,.486,27.8,8.5,17.1,2.8,10.5,6.5,12.76,34.3,1.1
Jordan Hamilton,DEN/HOU,60,17.0,.507,10.5,9.3,17.5,3.5,17.0,10.4,12.75,34.2,1.1
Beno Udrih,NY/MEM,41,15.7,.523,32.8,13.3,17.6,1.8,9.2,5.4,12.73,16.6,0.6
Draymond Green,GS,82,21.9,.498,20.1,12.0,14.3,5.3,19.3,12.4,12.73,59.8,2.0
Corey Brewer,MIN,81,32.2,.550,11.7,9.2,15.6,2.6,6.2,4.3,12.71,86.1,2.9
Jan Vesely,DEN/WSH,54,14.4,.498,8.2,14.1,13.8,11.6,16.2,13.9,12.71,14.0,0.5
Dante Cunningham,MIN,81,20.2,.475,12.6,6.3,14.4,7.3,14.9,11.0,12.67,28.6,1.0
Ryan Kelly,LAL,59,22.2,.548,16.6,8.2,14.8,3.4,14.4,8.9,12.67,22.9,0.8
Kendall Marshall,LAL,54,29.0,.494,44.9,14.1,18.1,1.0,9.6,5.3,12.66,38.8,1.3
Trey Burke,UTAH,70,32.3,.473,26.9,8.9,22.0,1.8,9.0,5.3,12.64,55.3,1.8
Mike Dunleavy,CHI,82,31.5,.549,16.3,9.5,16.3,2.1,13.0,7.6,12.62,81.6,2.7
Khris Middleton,MIL,82,30.0,.541,14.0,10.2,18.2,2.7,12.0,7.2,12.55,38.5,1.3
Gary Neal,MIL/CHA,52,21.4,.530,12.5,9.6,23.9,1.0,8.3,4.6,12.54,34.0,1.1
Kevin Seraphin,WSH,53,10.9,.533,5.8,14.1,19.6,10.5,15.3,12.8,12.52,16.6,0.6
Lavoy Allen,IND/PHI,65,16.5,.470,16.2,10.1,16.1,11.7,20.0,15.7,12.52,16.3,0.5
Aaron Brooks,DEN/HOU,72,21.6,.518,24.0,12.0,20.8,3.1,6.7,4.9,12.51,35.0,1.2
Mike Miller,MEM,82,20.8,.619,19.3,11.4,14.4,2.1,12.3,7.2,12.50,51.0,1.7
Wilson Chandler,DEN,62,31.1,.526,11.4,7.9,18.3,3.2,13.3,8.2,12.48,56.9,1.9
Andrei Kirilenko,BKN,45,19.0,.532,21.3,16.0,13.9,7.7,12.7,10.2,12.48,25.3,0.8
Jason Smith,NO,31,26.8,.495,8.0,7.8,16.8,7.0,18.5,12.7,12.47,23.2,0.8
Evan Turner,IND/PHI,81,30.3,.498,16.5,11.9,18.5,2.7,15.7,9.1,12.43,70.9,2.4
Patrick Beverley,HOU,56,31.3,.545,20.3,8.9,14.3,4.9,7.4,6.2,12.43,37.4,1.2
Greg Oden,MIA,23,9.2,.567,1.4,16.6,13.9,14.2,17.7,16.0,12.40,5.7,0.2
Nick Calathes,MEM,71,16.5,.506,31.8,15.5,18.3,2.3,11.5,6.9,12.36,32.5,1.1
Xavier Henry,LAL,43,21.1,.511,9.6,10.7,20.9,2.9,10.5,6.7,12.36,25.1,0.8
Wayne Ellington,DAL,45,8.7,.554,11.8,6.8,15.2,2.4,10.2,6.3,12.29,10.5,0.3
Steve Nash,LAL,15,20.9,.488,38.8,14.0,20.0,1.4,8.5,4.9,12.26,5.9,0.2
Kenyon Martin,NY,32,19.8,.521,24.1,12.5,11.4,6.5,18.7,12.5,12.25,7.1,0.2
Caron Butler,MIL/OKC,56,25.3,.512,11.5,8.4,22.4,1.7,16.6,9.2,12.24,36.8,1.2
Rasual Butler,IND,50,7.6,.585,11.8,7.6,14.3,1.9,9.9,6.1,12.23,9.8,0.3
Anthony Randolph,DEN,43,12.3,.499,11.5,14.1,18.6,4.1,21.0,12.5,12.23,13.6,0.5
Chris Douglas-Roberts,CHA,49,20.7,.588,13.6,9.6,13.7,1.8,11.5,6.6,12.19,25.6,0.9
Robert Sacre,LAL,65,16.8,.513,11.7,10.1,14.1,8.0,16.9,12.5,12.17,25.5,0.9
Luke Babbitt,NO,27,17.5,.525,14.1,7.3,16.1,4.4,17.5,10.8,12.10,11.3,0.4
Terrence Ross,TOR,81,26.7,.553,8.2,9.2,17.2,2.3,11.3,6.8,12.09,51.4,1.7
Michael Kidd-Gilchrist,CHA,62,24.2,.516,9.5,11.0,13.8,8.2,16.2,12.2,12.07,35.2,1.2
Matt Barnes,LAC,63,27.5,.552,16.1,10.9,15.6,4.0,14.4,9.4,12.05,40.2,1.3
Jerryd Bayless,BOS/MEM,72,23.4,.498,20.5,8.7,19.7,1.5,8.6,5.0,12.04,26.2,0.9
Marcus Thornton,BKN/SAC,72,24.2,.511,9.3,8.1,22.0,3.7,9.4,6.6,12.00,39.0,1.3
Dorell Wright,POR,68,14.5,.524,14.9,9.1,15.6,3.2,17.5,10.5,11.98,21.7,0.7
Justin Hamilton,MIA/CHA,8,9.0,.586,0.0,15.3,15.3,7.2,5.0,6.1,11.91,1.4,0.0
Jae Crowder,DAL,78,16.1,.551,14.2,9.7,12.3,4.3,13.5,8.9,11.89,26.1,0.9
Ryan Hollins,LAC,61,7.9,.730,6.0,21.7,10.4,7.4,13.1,10.4,11.89,9.3,0.3
Richard Jefferson,UTAH,82,27.0,.573,13.7,9.9,16.1,0.9,10.8,5.7,11.88,45.7,1.5
James Southerland,NO/CHA,4,7.5,.441,0.0,5.9,21.0,0.0,31.3,15.4,11.87,0.6,0.0
Maurice Harkless,ORL,80,24.4,.542,11.2,12.1,13.6,4.0,11.4,7.7,11.87,39.8,1.3
Mo Williams,POR,74,24.8,.507,27.2,12.6,20.9,2.5,6.4,4.5,11.87,23.7,0.8
Kyle Singler,DET,82,28.5,.574,9.0,9.4,13.3,5.2,9.2,7.1,11.86,47.4,1.6
Nick Collison,OKC,81,16.7,.599,22.8,15.5,11.3,10.2,14.1,12.2,11.84,6.9,0.2
Pero Antic,ATL,50,18.5,.545,13.3,12.6,17.1,7.2,18.9,13.1,11.74,15.8,0.5
Metta World Peace,NY,29,13.4,.469,9.2,10.3,18.5,5.3,12.8,8.9,11.71,0.0,0.0
Ish Smith,PHX,70,14.4,.438,33.0,12.0,16.5,3.5,10.9,7.2,11.71,10.7,0.4
Reggie Evans,BKN/SAC,54,16.6,.516,7.3,20.3,12.1,14.7,28.4,21.5,11.69,2.5,0.1
J.J. Barea,MIN,79,18.6,.471,26.9,11.1,24.3,1.2,10.5,5.7,11.68,15.0,0.5
Austin Rivers,NO,69,19.4,.482,20.3,9.8,20.7,2.2,9.1,5.6,11.60,21.9,0.7
Leandro Barbosa,PHX,20,18.4,.506,16.1,9.5,19.0,1.5,9.7,5.6,11.57,5.9,0.2
Jarrett Jack,CLE,80,28.2,.498,26.5,10.9,18.0,1.1,10.3,5.6,11.57,19.0,0.6
Martell Webster,WSH,78,27.7,.591,12.2,7.3,13.7,2.0,10.1,6.0,11.56,34.1,1.1
Derrick Williams,MIN/SAC,78,23.3,.524,7.7,10.4,16.1,4.3,15.8,10.0,11.53,0.7,0.0
Hedo Turkoglu,LAC,38,10.3,.492,19.9,9.6,14.4,3.2,21.4,12.6,11.36,5.0,0.2
Joel Freeland,POR,52,14.0,.498,14.8,13.2,11.9,13.2,17.6,15.4,11.34,8.0,0.3
Kent Bazemore,GS/LAL,67,13.6,.515,16.2,14.1,21.5,1.2,12.6,6.9,11.28,10.6,0.4
O.J. Mayo,MIL,52,25.9,.516,14.2,11.9,21.9,2.0,8.8,5.3,11.27,15.5,0.5
Matt Bonner,SA,61,11.3,.582,14.3,7.4,11.3,2.7,17.9,10.6,11.27,-2.4,-0.1
Steven Adams,OKC,81,14.8,.541,12.0,19.8,10.9,14.1,17.1,15.6,11.25,11.5,0.4
Carl Landry,SAC,18,12.9,.563,6.1,11.0,13.4,7.2,20.6,13.8,11.23,-1.0,-0.0
Toure' Murry,NY,51,7.3,.479,21.4,14.8,22.0,4.0,10.1,7.0,11.22,4.0,0.1
E'Twaun Moore,ORL,79,19.1,.513,17.2,8.4,15.4,2.2,8.1,5.1,11.18,4.1,0.1
Jeff Ayres,SA,73,13.0,.605,18.7,19.6,11.7,11.0,19.2,15.3,11.16,8.0,0.3
Jason Thompson,SAC,82,24.5,.523,7.5,13.4,13.3,8.5,21.3,14.8,11.14,-10.8,-0.4
Dionte Christmas,PHX,31,6.4,.489,9.2,6.9,16.1,7.4,14.1,10.8,11.13,1.9,0.1
Steve Novak,TOR,54,10.0,.599,7.8,3.0,11.9,1.7,10.9,6.3,11.10,4.8,0.2
Austin Daye,SA/TOR,22,6.7,.456,9.4,5.9,22.5,4.0,16.4,10.4,11.10,1.3,0.0
Vitor Faverani,BOS,37,13.2,.502,7.3,18.6,17.3,9.5,20.6,14.9,11.08,3.5,0.1
Wesley Johnson,LAL,79,28.4,.522,13.8,10.0,13.9,3.3,13.3,8.3,11.08,19.3,0.6
Cartier Martin,ATL/CHI,59,14.7,.562,9.2,9.5,15.8,1.7,12.8,7.3,11.05,7.1,0.2
Steve Blake,GS/LAL,55,27.2,.508,39.3,13.1,12.1,0.9,10.4,5.7,11.01,0.2,0.0
Anthony Tolliver,CHA,64,20.3,.605,10.8,5.9,11.3,2.9,11.8,7.3,11.01,-9.5,-0.3
Manny Harris,LAL,9,20.0,.485,11.5,9.4,18.6,4.1,16.0,10.1,10.99,0.0,0.0
James Anderson,PHI,80,28.9,.530,14.6,10.4,15.1,2.7,11.7,7.0,10.92,14.4,0.5
Danny Granger,IND/LAC,41,20.7,.502,9.7,10.9,18.2,4.3,12.9,8.8,10.90,5.0,0.2
Mike Muscala,ATL,20,10.8,.480,7.1,12.2,17.3,9.2,18.7,14.0,10.84,0.8,0.0
Giannis Antetokounmpo,MIL,77,24.6,.518,19.3,15.7,14.6,4.6,16.3,10.2,10.82,9.1,0.3
Chris Johnson,BOS,40,19.7,.537,10.8,7.7,13.5,4.3,9.8,7.0,10.80,3.6,0.1
Kirk Hinrich,CHI,73,29.0,.494,26.5,11.1,17.5,1.7,8.5,5.2,10.80,9.3,0.3
Dewayne Dedmon,GS/ORL/PHI,31,12.6,.500,4.2,15.0,12.3,0.0,0.0,0.0,10.77,1.0,0.0
Donatas Motiejunas,HOU,62,15.4,.504,8.1,11.6,16.3,7.4,18.2,13.1,10.76,-10.5,-0.4
Rashard Lewis,MIA,60,16.2,.535,16.6,10.2,13.0,3.2,10.7,7.1,10.74,-11.0,-0.4
Kobe Bryant,LAL,6,29.5,.505,24.6,22.0,27.8,1.2,14.5,7.8,10.74,0.6,0.0
Matthew Dellavedova,CLE,72,17.7,.535,33.0,10.7,13.9,2.5,8.5,5.4,10.69,3.7,0.1
Udonis Haslem,MIA,46,14.2,.523,6.4,11.9,12.3,8.4,24.7,16.8,10.57,-9.1,-0.3
Daniel Orton,PHI,22,11.4,.540,16.1,19.3,12.6,6.6,20.2,13.1,10.54,0.0,0.0
Slava Kravtsov,PHX,20,3.0,.540,3.9,23.5,16.5,17.2,15.2,16.2,10.54,0.0,0.0
Travis Outlaw,SAC,63,16.9,.492,11.4,6.1,14.6,3.8,14.2,8.9,10.42,-1.3,-0.0
Thabo Sefolosha,OKC,61,26.0,.517,18.1,10.6,11.3,3.7,11.5,7.8,10.42,-2.0,-0.1
Quincy Pondexter,MEM,15,18.0,.520,15.9,12.0,17.3,4.4,7.0,5.7,10.37,-0.5,-0.0
Evan Fournier,DEN,76,19.8,.533,13.8,12.3,18.7,2.4,12.1,7.2,10.36,-3.2,-0.1
Archie Goodwin,PHX,52,10.3,.507,7.8,17.2,17.8,5.3,13.0,9.2,10.34,-1.3,-0.0
Alexey Shved,MIN,63,10.5,.452,17.3,12.2,20.2,3.4,10.1,6.6,10.27,-7.3,-0.2
Nazr Mohammed,CHI,80,7.0,.445,10.2,18.9,13.5,13.6,21.7,17.7,10.18,-3.5,-0.1
Ian Mahinmi,IND,77,16.2,.538,7.2,17.3,10.4,10.1,12.9,11.6,10.18,-7.9,-0.3
JaVale McGee,DEN,5,16.0,.455,4.1,16.5,22.5,13.4,9.5,11.5,10.15,-0.5,-0.0
Quincy Acy,SAC/TOR,63,13.4,.520,12.6,13.5,9.3,9.5,19.5,14.4,10.14,-4.5,-0.2
Perry Jones,OKC,62,12.3,.541,10.5,8.5,11.8,4.3,12.1,8.4,10.14,-4.2,-0.1
Derek Fisher,OKC,81,17.6,.542,21.0,8.8,13.2,1.0,8.3,4.8,10.09,-19.4,-0.6
Chuck Hayes,SAC/TOR,61,12.3,.468,16.7,15.8,9.8,10.5,21.8,16.1,10.04,-16.5,-0.5
Gerald Wallace,BOS,58,24.4,.543,27.8,18.9,11.9,2.8,14.5,8.5,10.02,-10.2,-0.3
Andrew Nicholson,ORL,76,15.4,.489,4.8,9.8,17.3,5.1,19.5,12.3,9.90,-28.1,-0.9
Keith Bogans,BOS,6,9.2,.820,26.5,8.8,6.8,0.0,6.4,3.1,9.88,-0.5,-0.0
Harrison Barnes,GS,78,28.3,.486,12.1,8.8,15.6,3.3,11.9,7.7,9.85,-21.3,-0.7
Derrick Rose,CHI,10,31.1,.446,16.9,13.3,30.3,3.3,8.3,5.9,9.82,-5.5,-0.2
Aron Baynes,SA,53,9.3,.467,14.0,14.9,17.8,13.6,19.4,16.6,9.76,-12.7,-0.4
Greg Stiemsma,NO,55,18.3,.584,16.7,20.4,7.8,8.2,18.0,13.0,9.75,-12.8,-0.4
Al Harrington,WSH,34,15.0,.506,9.8,12.0,21.0,3.3,15.0,9.1,9.75,-13.4,-0.4
Ray McCallum,SAC,45,19.9,.439,25.1,8.2,17.7,2.2,7.8,5.0,9.74,-16.9,-0.6
Chase Budinger,MIN,41,18.3,.505,9.5,7.4,15.7,2.7,12.5,7.5,9.73,-8.6,-0.3
A.J. Price,MIN,28,3.5,.469,19.4,10.5,22.7,1.1,10.2,5.5,9.72,0.0,0.0
Robbie Hummel,MIN,53,12.4,.492,10.6,4.6,11.9,5.7,16.6,11.0,9.67,-8.1,-0.3
Iman Shumpert,NY,74,26.5,.480,17.8,10.9,13.5,4.7,14.0,9.2,9.66,-24.5,-0.8
Isaiah Canaan,HOU,22,11.5,.506,15.4,14.7,19.8,3.3,7.1,5.3,9.57,-5.4,-0.2
Shawne Williams,LAL,36,20.9,.503,11.9,8.3,11.8,3.6,20.2,11.9,9.51,0.0,0.0
Hollis Thompson,PHI,77,22.6,.570,13.6,11.2,10.6,4.4,11.2,7.7,9.50,-25.9,-0.9
Alan Anderson,BKN,78,22.7,.525,11.9,9.1,14.5,2.7,9.1,5.9,9.50,-26.4,-0.9
Kentavious Caldwell-Pope,DET,80,19.8,.483,9.7,4.9,13.3,2.5,8.6,5.4,9.46,-24.5,-0.8
Meyers Leonard,POR,40,8.9,.489,13.5,11.3,13.5,8.0,25.5,16.8,9.45,-6.1,-0.2
Darrell Arthur,DEN,68,17.1,.459,11.0,10.4,17.0,4.8,14.7,9.8,9.41,-36.3,-1.2
Francisco Garcia,HOU,55,19.7,.521,15.9,7.6,12.7,2.3,9.8,6.3,9.37,-18.2,-0.6
Ian Patrick Clark,UTAH,23,7.5,.485,15.1,14.1,21.3,1.9,11.1,6.4,9.29,-3.1,-0.1
Darius Morris,LAC/PHI/MEM,27,11.6,.498,24.7,15.1,12.7,0.0,0.0,0.0,9.28,0.0,0.0
Toney Douglas,GS/MIA,51,13.2,.493,22.2,11.1,16.5,3.3,11.8,7.6,9.20,-18.1,-0.6
Lou Amundson,NO/CHI,19,9.7,.446,9.6,22.4,13.0,17.3,17.2,17.3,9.16,-6.5,-0.2
Earl Clark,CLE/NY,54,14.2,.466,5.5,9.5,16.5,3.2,18.2,10.5,9.09,0.0,0.0
Darius Miller,NO,45,16.1,.550,17.4,8.9,12.3,1.4,7.0,4.2,9.06,-15.6,-0.5
Andre Roberson,OKC,40,10.0,.518,14.1,17.9,9.5,10.7,15.6,13.3,9.03,-8.7,-0.3
Luke Ridnour,MIL/CHA,61,18.7,.452,30.3,11.4,16.8,2.2,7.6,4.8,9.01,-33.9,-1.1
C.J. McCollum,POR,38,12.5,.521,10.6,13.7,19.7,1.6,9.2,5.4,9.00,-10.7,-0.4
Jared Dudley,LAC,74,23.4,.541,16.4,8.9,12.8,2.4,7.7,5.1,8.91,-41.1,-1.4
Chris Singleton,WSH,25,10.0,.481,5.9,16.8,15.7,8.2,17.5,12.8,8.82,-6.3,-0.2
Victor Claver,POR,21,8.8,.502,17.2,15.8,13.3,5.3,17.4,11.4,8.81,-7.4,-0.2
Norris Cole,MIA,82,24.6,.497,27.4,14.0,15.2,1.1,8.6,5.0,8.80,-66.0,-2.2
Phil Pressey,BOS,75,15.1,.390,40.1,14.5,15.6,2.0,8.8,5.3,8.78,-37.5,-1.2
Jorge Gutierrez,BKN,15,16.3,.523,29.0,13.6,14.0,1.5,9.3,5.4,8.76,-8.2,-0.3
Elliot Williams,PHI,67,17.3,.519,13.6,12.8,15.8,2.7,9.7,6.1,8.71,-31.0,-1.0
Shane Battier,MIA,73,20.1,.523,17.1,5.7,9.2,3.0,8.6,5.9,8.70,-39.5,-1.3
Alonzo Gee,CLE,65,15.7,.491,13.3,12.4,12.7,3.8,12.8,8.2,8.63,-28.5,-0.9
Quincy Miller,DEN,52,15.2,.459,7.3,13.6,16.3,4.9,15.2,10.1,8.62,-22.1,-0.7
Landry Fields,TOR,30,10.7,.443,18.6,10.2,12.0,5.4,16.0,10.7,8.62,-9.0,-0.3
Jared Cunningham,ATL/SAC,13,6.2,.464,21.0,5.3,10.6,1.4,7.2,4.3,8.50,-2.4,-0.1
Donald Sloan,IND,48,8.2,.437,25.3,11.1,17.0,1.2,10.9,6.3,8.50,-14.7,-0.5
Bernard James,DAL,30,4.9,.503,7.3,24.5,10.7,12.0,21.2,16.6,8.48,-4.6,-0.2
Luc Richard Mbah a Moute,MIN/SAC,64,15.7,.503,12.1,13.4,10.9,6.0,10.1,8.0,8.42,-46.2,-1.5
Shane Larkin,DAL,48,10.2,.446,27.5,15.1,17.3,2.6,7.3,5.0,8.34,-19.4,-0.6
Lorenzo Brown,PHI,26,8.6,.349,27.6,10.8,20.5,3.7,10.0,6.8,8.27,0.0,0.0
Roger Mason Jr.,MIA,25,10.4,.528,19.4,9.2,13.6,0.5,9.8,5.3,8.19,0.0,0.0
Tayshaun Prince,MEM,76,25.6,.438,17.5,6.0,12.8,1.9,12.3,7.1,8.18,-67.4,-2.2
Jason Maxiell,ORL,34,14.4,.459,6.4,9.9,11.2,6.5,13.5,10.0,8.17,-24.2,-0.8
Joel Anthony,BOS/MIA,33,5.6,.394,4.9,7.4,8.4,9.2,14.6,11.8,8.14,-6.8,-0.2
Tony Snell,CHI,77,16.0,.489,14.6,9.4,14.2,1.8,9.6,5.7,8.02,-45.6,-1.5
Luigi Datome,DET,34,7.0,.409,8.9,8.9,19.3,6.1,15.5,10.6,8.02,-8.8,-0.3
Aaron Gray,SAC/TOR,37,9.6,.466,17.9,25.2,11.8,13.2,22.3,17.7,7.84,-14.7,-0.5
John Salmons,SAC/TOR,78,22.1,.462,23.1,8.5,13.3,1.3,9.6,5.5,7.81,-69.2,-2.3
Garrett Temple,WSH,75,8.5,.431,26.3,15.3,14.3,3.8,8.7,6.2,7.81,-25.6,-0.9
Antawn Jamison,LAC,22,11.3,.408,6.0,6.0,17.7,4.2,19.9,12.3,7.79,0.0,0.0
Ben McLemore,SAC,82,26.7,.485,8.9,10.4,15.8,2.7,9.5,6.1,7.77,-89.2,-3.0
Shavlik Randolph,PHX,14,6.8,.531,4.0,20.1,10.0,8.3,21.2,14.8,7.76,-5.3,-0.2
Allen Crabbe,POR,15,6.7,.475,13.7,6.9,15.7,1.1,8.5,4.8,7.69,-4.2,-0.1
Ronnie Price,ORL,31,12.2,.379,34.8,13.7,15.5,2.4,10.5,6.5,7.64,-18.9,-0.6
Elias Harris,LAL,2,5.5,.000,50.0,0.0,4.6,9.7,0.0,4.9,7.63,0.0,0.0
Ekpe Udoh,MIL,42,19.1,.440,13.3,16.3,10.8,8.4,12.8,10.5,7.62,-46.5,-1.6
Solomon Hill,IND,28,8.1,.545,17.6,19.1,10.8,4.7,15.2,10.2,7.62,-9.7,-0.3
Doron Lamb,ORL,53,13.1,.543,17.5,11.0,12.6,1.3,6.7,4.0,7.51,-31.0,-1.0
Brandon Davies,PHI,51,11.3,.476,13.1,16.3,12.9,6.9,13.9,10.2,7.49,-34.4,-1.1
Jason Terry,BKN,35,16.3,.501,23.2,11.2,14.7,0.8,6.9,3.9,7.48,-25.7,-0.9
Adonis Thomas,ORL/PHI,6,6.2,.485,16.3,5.4,16.9,0.0,9.2,4.5,7.35,-1.7,-0.1
Alex Len,PHX,42,8.6,.469,3.3,21.4,12.9,12.1,18.6,15.3,7.32,-17.7,-0.6
Dwight Buycks,TOR,14,10.4,.414,13.9,13.9,18.3,3.2,15.2,9.2,7.26,-8.2,-0.3
Willie Green,LAC,55,15.8,.477,13.5,9.2,15.2,1.6,8.2,5.0,7.13,-43.7,-1.5
Diante Garrett,UTAH,71,14.8,.459,25.8,16.1,15.1,1.2,9.8,5.3,7.10,-61.0,-2.0
Anthony Bennett,CLE,52,12.8,.425,5.3,14.7,18.7,8.1,18.4,13.1,6.95,-35.1,-1.2
Othyus Jeffers,MIN/SA,6,7.8,.580,10.2,10.2,8.6,2.4,18.6,10.7,6.94,-2.5,-0.1
Reggie Bullock,LAC,43,9.2,.460,8.0,8.7,14.0,3.2,11.7,7.6,6.75,-22.2,-0.7
Arnett Moultrie,PHI,12,15.6,.448,4.1,14.2,9.7,6.1,14.4,10.1,6.71,-13.4,-0.4
Glen Rice Jr.,WSH,11,9.9,.399,12.5,16.0,19.0,4.2,17.3,10.6,6.68,-6.2,-0.2
Julyan Stone,TOR,21,5.7,.491,34.0,14.2,9.3,1.9,17.6,9.7,6.62,-6.9,-0.2
Ben Gordon,CHA,19,14.7,.422,13.2,13.2,21.2,1.2,9.8,5.5,6.48,0.0,0.0
Kendrick Perkins,OKC,62,19.5,.474,17.7,23.7,10.9,8.1,19.9,14.3,6.32,-77.1,-2.6
Eric Maynor,PHI/WSH,31,10.5,.387,27.8,15.5,16.4,3.0,10.6,6.7,6.25,0.0,0.0
James Nunnally,ATL/PHI,13,12.7,.440,12.3,10.8,18.0,0.7,12.4,6.4,6.15,-10.7,-0.4
Otto Porter Jr.,WSH,37,8.6,.405,8.3,11.6,14.4,7.5,13.3,10.4,6.08,-21.1,-0.7
Jeff Taylor,CHA,26,24.2,.436,7.7,8.8,17.5,2.7,8.1,5.4,5.97,-42.5,-1.4
Solomon Jones,ORL,11,7.7,.373,8.8,8.8,10.1,10.6,10.7,10.7,5.86,0.0,0.0
Dennis Schroder,ATL,49,13.1,.442,25.8,16.9,18.6,0.9,9.9,5.4,5.81,-49.7,-1.7
Peyton Siva,DET,24,9.3,.425,29.4,15.6,16.4,0.9,6.2,3.4,5.73,-17.6,-0.6
Tyshawn Taylor,BKN,23,11.7,.427,21.0,18.1,22.4,1.3,5.3,3.3,5.47,0.0,0.0
Gal Mekel,DAL,31,9.4,.400,34.0,16.7,19.7,2.0,8.6,5.3,5.44,-24.2,-0.8
Orlando Johnson,IND/SAC,45,8.7,.402,12.5,9.4,14.8,2.7,12.7,7.9,5.34,0.0,0.0
Chauncey Billups,DET,19,16.3,.427,27.8,16.5,15.8,1.3,8.9,4.9,5.31,-23.9,-0.8
John Lucas III,UTAH,42,14.1,.403,16.1,8.4,16.2,2.3,5.4,3.8,5.23,-50.9,-1.7
Shannon Brown,NY/SA,29,8.7,.419,8.8,17.6,15.4,3.2,9.7,6.4,4.78,-23.3,-0.8
Jamaal Franklin,MEM,21,7.7,.489,10.5,19.3,13.6,2.9,13.9,8.4,4.72,-14.0,-0.5
John Jenkins,ATL,13,12.2,.457,16.7,16.7,14.7,2.2,13.8,8.1,4.70,-13.7,-0.5
Malcolm Thomas,SA/UTAH,8,7.9,.444,7.2,32.3,15.6,9.0,29.5,19.1,4.67,-6.4,-0.2
Damion James,SA,5,10.0,.304,21.6,7.2,9.4,2.4,23.8,13.5,4.14,-4.7,-0.2
Brandon Rush,UTAH,38,11.0,.428,17.6,14.7,11.8,1.3,11.1,6.1,4.14,-39.7,-1.3
Jason Collins,BKN,22,7.8,.485,10.9,19.0,8.2,4.9,8.3,6.6,4.12,-16.6,-0.6
Melvin Ely,NO,2,13.5,.500,0.0,0.0,9.1,0.0,4.4,2.2,3.94,-2.7,-0.1
Tornike Shengelia,CHI/BKN,26,6.0,.460,24.3,20.9,13.9,3.1,9.2,6.1,3.94,0.0,0.0
Josh Childress,NO,4,6.0,.000,66.7,33.3,2.8,0.0,14.7,7.3,3.92,0.0,0.0
Marquis Teague,CHI/BKN,40,11.1,.398,25.1,16.9,17.1,0.3,10.1,5.3,3.86,-47.2,-1.6
Arinze Onuaku,NO/CLE,5,6.0,.255,30.4,10.1,11.2,7.6,23.5,15.4,3.81,0.0,0.0
Chris Babb,BOS,14,9.4,.367,8.3,8.3,10.4,3.3,11.5,7.3,3.73,-13.3,-0.4
Ognjen Kuzmic,GS,21,4.4,.420,6.7,33.5,12.1,12.1,12.8,12.5,3.43,-9.8,-0.3
Ronnie Brewer,CHI/HOU,24,6.7,.220,35.9,7.2,0.0,1.5,7.9,4.9,3.43,-16.9,-0.6
Hamady Ndiaye,SAC,14,5.3,.318,19.4,19.4,7.2,7.5,20.1,13.7,2.96,0.0,0.0
Hasheem Thabeet,OKC,23,8.3,.536,2.5,34.8,8.1,5.6,17.4,11.7,2.58,-23.0,-0.8
Josh Powell,HOU,1,19.0,.333,0.0,14.3,14.4,0.0,27.7,14.6,2.55,-2.5,-0.1
D.J. White,CHA,2,5.0,.000,0.0,0.0,4.1,0.0,22.7,11.3,2.39,-1.4,-0.0
Andris Biedrins,UTAH,6,7.5,.412,0.0,35.5,5.2,5.0,39.7,21.8,2.39,0.0,0.0
Sergey Karasev,CLE,22,7.1,.470,10.6,19.5,13.5,0.0,11.8,5.8,2.37,-18.9,-0.6
Earl Watson,POR,24,6.7,.470,48.5,29.4,9.6,3.4,6.6,5.0,2.10,-21.4,-0.7
Jamaal Tinsley,UTAH,8,13.8,.225,44.2,17.3,13.7,2.0,9.7,5.8,1.87,0.0,0.0
Sasha Vujacic,LAC,2,5.0,.500,0.0,37.5,31.3,0.0,32.2,16.7,1.59,0.0,0.0
Mike James,CHI,11,7.0,.251,38.7,11.4,17.6,0.0,10.2,5.2,1.55,-10.9,-0.4
Vander Blue,BOS,3,5.0,.403,10.9,21.7,22.9,0.0,23.4,11.4,0.53,0.0,0.0
Lance Thomas,NO,5,8.4,.279,19.0,12.7,13.4,5.4,14.0,9.7,0.48,0.0,0.0
Ryan Gomes,OKC,5,6.8,.375,10.0,10.0,10.8,0.0,12.7,6.6,0.19,0.0,0.0
Erik Murphy,CHI,24,2.6,.231,11.8,11.8,10.5,3.7,10.8,7.3,0.19,-10.5,-0.3
Stephen Jackson,LAC,9,11.9,.270,12.9,15.5,13.0,2.2,8.0,5.2,0.16,0.0,0.0
Chris Smith,NY,2,1.0,.000,0.0,0.0,0.0,0.0,0.0,0.0,0.00,0.0,0.0
Shane Edwards,CLE,2,6.0,.333,0.0,25.0,13.4,9.1,9.6,9.3,-0.97,0.0,0.0
Nemanja Nedovic,GS,24,5.9,.306,19.0,19.0,16.5,2.3,9.1,5.8,-1.73,-27.0,-0.9
Scotty Hopson,CLE,2,3.5,.102,17.0,0.0,30.0,0.0,0.0,0.0,-6.53,-1.8,-0.1
Royce White,SAC,3,3.0,.000,0.0,0.0,4.4,0.0,0.0,0.0,-8.30,0.0,0.0
Mustafa Shakur,OKC,3,3.7,.129,40.5,20.2,25.8,0.0,0.0,0.0,-8.78,0.0,0.0
Royal Ivey,OKC,2,2.5,.000,0.0,0.0,15.7,0.0,21.5,11.3,-16.48,0.0,0.0
Darius Johnson-Odom,PHI,3,5.0,.000,9.2,18.4,25.8,0.0,15.0,7.2,-23.04,0.0,0.0
