RK,NAME,TEAM,SALARY
Kobe Bryant,SG,Los Angeles Lakers,30453805
Dirk Nowitzki,PF,Dallas Mavericks,22721381
Amar'e Stoudemire,PF,New York Knicks,21679893
Joe Johnson,SG,Brooklyn Nets,21466718
Carmelo Anthony,SF,New York Knicks,21388953
Dwight Howard,C,Houston Rockets,20513178
Pau Gasol,C,Los Angeles Lakers,19285850
Chris Bosh,C,Miami Heat,19067500
LeBron James,SF,Miami Heat,19067500
Dwyane Wade,SG,Miami Heat,18673000
Chris Paul,PG,Los Angeles Clippers,18668431
Deron Williams,PG,Brooklyn Nets,18466130
Zach Randolph,PF,Memphis Grizzlies,18238333
Rudy Gay,SF,Toronto Raptors,17888932
Kevin Durant,SF,Oklahoma City Thunder,17832627
Derrick Rose,PG,Chicago Bulls,17632688
Blake Griffin,PF,Los Angeles Clippers,16441500
Paul Pierce,SF,Brooklyn Nets,15333334
Carlos Boozer,PF,Chicago Bulls,15300000
LaMarcus Aldridge,PF,Portland Trail Blazers,14878000
Marc Gasol,C,Memphis Grizzlies,14860523
Russell Westbrook,PG,Oklahoma City Thunder,14693906
Kevin Love,PF,Minnesota Timberwolves,14693906
Emeka Okafor,C,Phoenix Suns,14487500
Roy Hibbert,C,Indiana Pacers,14283844
Eric Gordon,SG,New Orleans Pelicans,14283844
Luol Deng,SF,Cleveland Cavaliers,14275000
Tyson Chandler,C,New York Knicks,14100538
Andrew Bogut,C,Golden State Warriors,14000000
David Lee,PF,Golden State Warriors,13878000
James Harden,SG,Houston Rockets,13701250
Al Jefferson,C,Charlotte Bobcats,13500000
Josh Smith,SF,Detroit Pistons,13500000
Ben Gordon,SG,Charlotte Bobcats,13200000
Nene Hilario,PF,Washington Wizards,13000000
Andre Iguodala,SF,Golden State Warriors,12868632
Tony Parker,PG,San Antonio Spurs,12500000
Kevin Garnett,C,Brooklyn Nets,12433735
Serge Ibaka,PF,Oklahoma City Thunder,12350000
Nikola Pekovic,C,Minnesota Timberwolves,12100000
David West,PF,Indiana Pacers,12000000
Kris Humphries,C,Boston Celtics,12000000
Al Horford,C,Atlanta Hawks,12000000
Rajon Rondo,PG,Boston Celtics,11954545
Andrea Bargnani,C,New York Knicks,11862500
Tyreke Evans,SF,New Orleans Pelicans,11796247
Nicolas Batum,SF,Portland Trail Blazers,11295250
Joakim Noah,C,Chicago Bulls,11100000
Richard Jefferson,SF,Utah Jazz,11046000
DeAndre Jordan,C,Los Angeles Clippers,10986550
Mehmet Okur,C,Brooklyn Nets,10890000
Ty Lawson,PG,Denver Nuggets,10786517
JaVale McGee,C,Denver Nuggets,10750000
Tim Duncan,PF,San Antonio Spurs,10361446
Danilo Gallinari,SF,Denver Nuggets,10146925
Gerald Wallace,SF,Boston Celtics,10105855
Tiago Splitter,C,San Antonio Spurs,10000000
Stephen Curry,PG,Golden State Warriors,9887642
Jrue Holiday,PG,New Orleans Pelicans,9713484
DeMar DeRozan,SG,Toronto Raptors,9500000
Paul Millsap,PF,Atlanta Hawks,9500000
Shawn Marion,SF,Dallas Mavericks,9316796
Steve Nash,PG,Los Angeles Lakers,9300500
Anderson Varejao,C,Cleveland Cavaliers,9036364
Andris Biedrins,C,Utah Jazz,9000000
Thaddeus Young,PF,Philadelphia 76ers,8850000
Kendrick Perkins,C,Oklahoma City Thunder,8727437
Jeff Green,SF,Boston Celtics,8700000
Mike Conley,PG,Memphis Grizzlies,8600001
Jameer Nelson,PG,Orlando Magic,8600000
Charlie Villanueva,PF,Detroit Pistons,8580000
Rodney Stuckey,SG,Detroit Pistons,8500000
Jeremy Lin,PG,Houston Rockets,8374646
Omer Asik,C,Houston Rockets,8374646
Ryan Anderson,PF,New Orleans Pelicans,8308500
Marcus Thornton,SG,Sacramento Kings,8050000
George Hill,PG,Indiana Pacers,8000000
Tyrus Thomas,PF,Charlotte Hornets,8000000
O.J. Mayo,SG,Milwaukee Bucks,8000000
Jeff Teague,PG,Atlanta Hawks,8000000
Mark Blount,C,Miami Heat,7967375
Ersan Ilyasova,PF,Milwaukee Bucks,7900000
Marcin Gortat,C,Washington Wizards,7727280
Trevor Ariza,SF,Washington Wizards,7727280
Brandon Jennings,PG,Detroit Pistons,7655503
James Posey,SF,Indiana Pacers,7595600
John Salmons,SF,Toronto Raptors,7583000
Taj Gibson,PF,Chicago Bulls,7550000
Marvin Williams,PF,Utah Jazz,7500000
Arron Afflalo,SG,Orlando Magic,7500000
John Wall,PG,Washington Wizards,7459925
Tayshaun Prince,SF,Memphis Grizzlies,7235955
Wesley Matthews,SG,Portland Trail Blazers,6875480
Jose Calderon,PG,Dallas Mavericks,6791570
Kyle Korver,SG,Atlanta Hawks,6760563
Evan Turner,SF,Philadelphia 76ers,6679867
Morris Peterson,SG,Other,6665000
Andres Nocioni,SF,Philadelphia 76ers,6650000
Jerome James,C,Chicago Bulls,6600000
,Amir Johnson,PF,Toronto Raptors,6500000
,Carl Landry,PF,Sacramento Kings,6500000
,Spencer Hawes,C,Philadelphia 76ers,6500000
,Brandon Bass,PF,Boston Celtics,6450000
,Channing Frye,PF,Phoenix Suns,6400000
,Wilson Chandler,SF,Denver Nuggets,6344164
,Jarrett Jack,PG,Cleveland Cavaliers,6300000
,Landry Fields,SF,Toronto Raptors,6250000
,Kyle Lowry,PG,Toronto Raptors,6210000
Jason Richardson,SG,Philadelphia 76ers,6204250
Derrick Favors,C,Utah Jazz,6008196
Gerald Henderson,SG,Charlotte Bobcats,6000000
Robin Lopez,C,Portland Trail Blazers,5904261
Chuck Hayes,PF,Toronto Raptors,5722500
Jason Thompson,PF,Sacramento Kings,5643750
Jason Terry,SG,Brooklyn Nets,5625313
Kyrie Irving,PG,Cleveland Cavaliers,5607240
J.R. Smith,SG,New York Knicks,5565000
Anthony Davis,PF,New Orleans Pelicans,5375760
Anthony Bennett,SF,Cleveland Cavaliers,5324280
Louis Williams,SG,Atlanta Hawks,5225000
Courtney Lee,SG,Memphis Grizzlies,5225000
Jamal Crawford,SG,Los Angeles Clippers,5225000
Antonio McDyess,PF,San Antonio Spurs,5220000
Speedy Claxton,PG,Atlanta Hawks,5209454
Zaza Pachulia,C,Milwaukee Bucks,5200000
Martell Webster,SF,Washington Wizards,5150000
J.J. Hickson,C,Denver Nuggets,5150000
Brad Miller,C,New Orleans Pelicans,5104000
Brandon Roy,SG,Minnesota Timberwolves,5100000
Keith Bogans,SG,Boston Celtics,5058198
Derrick Williams,PF,Sacramento Kings,5016960
Andre Miller,PG,Washington Wizards,5000000
Corey Brewer,SF,Minnesota Timberwolves,5000000
Richard Hamilton,SG,Chicago Bulls,5000000
DeMarcus Cousins,C,Sacramento Kings,4916974
Marcus Banks,PG,New Orleans Pelicans,4847586
Darius Songaila,PF,Philadelphia 76ers,4818000
Michael Kidd-Gilchrist,SF,Charlotte Bobcats,4809840
Victor Oladipo,SG,Orlando Magic,4763760
Boris Diaw,PF,San Antonio Spurs,4702500
J.J. Barea,PG,Minnesota Timberwolves,4687000
Linas Kleiza,SF,Fenerbahce Ulker Fenerbahce Ulker,4600000
Luc Richard Mbah a Moute,PF,Sacramento Kings,4588384
Luis Scola,PF,Indiana Pacers,4508504
Enes Kanter,C,Utah Jazz,4505280
Jonas Jerebko,PF,Detroit Pistons,4500000
Tony Allen,SG,Memphis Grizzlies,4494383
Ekpe Udoh,PF,Milwaukee Bucks,4469548
Luke Ridnour,PG,Charlotte Bobcats,4420000
Timofey Mozgov,C,Denver Nuggets,4400000
Udonis Haslem,PF,Miami Heat,4340000
Bradley Beal,SG,Washington Wizards,4319280
Otto Porter Jr.,SF,Washington Wizards,4278000
Earl Clark,SF,New York Knicks,4250000
Jared Dudley,SF,Los Angeles Clippers,4250000
Bruce Bowen,SF,San Antonio Spurs,4100000
Charlie Bell,SG,Other,4099920
Greg Monroe,PF,Detroit Pistons,4086454
Greg Buckner,SG,Memphis Grizzlies,4080915
Tristan Thompson,PF,Cleveland Cavaliers,4062000
Kirk Hinrich,SG,Chicago Bulls,4059000
Ian Mahinmi,C,Indiana Pacers,4000000
Brandon Rush,SG,Utah Jazz,4000000
Hakim Warrick,PF,Other,4000000
Elton Brand,PF,Atlanta Hawks,4000000
Matt Bonner,PF,San Antonio Spurs,3945000
Thabo Sefolosha,SG,Oklahoma City Thunder,3900000
Dion Waiters,SG,Cleveland Cavaliers,3894240
Cody Zeller,C,Charlotte Bobcats,3857040
Joel Anthony,C,Miami Heat,3800000
Danny Green,SG,San Antonio Spurs,3762500
Steve Novak,SF,Toronto Raptors,3750000
Al-Farouq Aminu,SF,New Orleans Pelicans,3749602
Samuel Dalembert,C,Dallas Mavericks,3700748
Ricky Rubio,PG,Minnesota Timberwolves,3678358
Raymond Felton,PG,New York Knicks,3637073
Jonas Valanciunas,C,Toronto Raptors,3526440
Thomas Robinson,PF,Portland Trail Blazers,3526440
Gerald Green,SG,Phoenix Suns,3500000
Chris Duhon,PG,Other,3500000
Matt Carroll,SG,New Orleans Pelicans,3500000
Alex Len,C,Phoenix Suns,3492720
Raja Bell,SG,Dallas Mavericks,3480000
Gordon Hayward,SG,Utah Jazz,3452183
Jan Vesely,PF,Washington Wizards,3340920
Paul George,SF,Indiana Pacers,3282003
Shane Battier,SF,Miami Heat,3270000
Gary Neal,SG,Charlotte Bobcats,3250000
Matt Barnes,SF,Los Angeles Clippers,3250000
Alonzo Gee,SF,Cleveland Cavaliers,3250000
Darrell Arthur,PF,Denver Nuggets,3231683
Mirza Teletovic,PF,Brooklyn Nets,3229050
Ray Allen,SG,Miami Heat,3229050
Damian Lillard,PG,Portland Trail Blazers,3202920
Tyler Hansbrough,PF,Toronto Raptors,3183000
Andrei Kirilenko,SF,Brooklyn Nets,3183000
Mike Dunleavy,SF,Chicago Bulls,3183000
Vince Carter,SG,Dallas Mavericks,3180000
Nerlens Noel,C,Philadelphia 76ers,3172320
Ed Davis,PF,Memphis Grizzlies,3153860
Alexey Shved,PG,Minnesota Timberwolves,3150000
Jerryd Bayless,PG,Memphis Grizzlies,3135000
Patrick Patterson,PF,Toronto Raptors,3105302
Jason Kidd,PG,Other,3090000
Lavoy Allen,PF,Philadelphia 76ers,3060000
Larry Sanders,C,Milwaukee Bucks,3053368
Bismack Biyombo,C,Charlotte Bobcats,3049920
Chris Copeland,SF,Indiana Pacers,3000000
Jeff Foster,PF,Indiana Pacers,3000000
Kosta Koufos,C,Memphis Grizzlies,3000000
Dorell Wright,SF,Portland Trail Blazers,3000000
Randy Foye,SG,Denver Nuggets,3000000
Kwame Brown,C,Philadelphia 76ers,2945901
Harrison Barnes,SF,Golden State Warriors,2923920
Joel Freeland,C,Portland Trail Blazers,2897976
Ben McLemore,SG,Sacramento Kings,2895960
Julian Wright,SF,Toronto Raptors,2858057
Mark Madsen,PF,Minnesota Timberwolves,2840000
Brandon Knight,PG,Milwaukee Bucks,2793960
Will Bynum,PG,Detroit Pistons,2790343
Kevin Seraphin,C,Washington Wizards,2761114
Eduardo Najera,PF,Charlotte Hornets,2750000
Marco Belinelli,SG,San Antonio Spurs,2750000
Aaron Gray,C,Toronto Raptors,2690875
David Andersen,C,Fenerbahce Ulker Fenerbahce Ulker,2685185
Terrence Ross,SF,Toronto Raptors,2678640
Greg Stiemsma,C,New Orleans Pelicans,2676000
Kentavious Caldwell-Pope,SG,Detroit Pistons,2653080
Josh McRoberts,PF,Charlotte Bobcats,2652000
Mo Williams,PG,Portland Trail Blazers,2652000
Wayne Ellington,SG,Dallas Mavericks,2652000
Eric Bledsoe,PG,Phoenix Suns,2626474
Nick Collison,PF,Oklahoma City Thunder,2585668
Kemba Walker,PG,Charlotte Bobcats,2568360
DeMarre Carroll,SF,Atlanta Hawks,2557545
Avery Bradley,PG,Boston Celtics,2511432
Jason Maxiell,PF,Orlando Magic,2500000
Chauncey Billups,SG,Detroit Pistons,2500000
Jason Smith,C,New Orleans Pelicans,2500000
Andre Drummond,C,Detroit Pistons,2465400
Trey Burke,PG,Utah Jazz,2438760
Ricky Davis,SG,Los Angeles Clippers,2400000
Trevor Booker,PF,Washington Wizards,2350820
Austin Rivers,SG,New Orleans Pelicans,2339040
Klay Thompson,SG,Golden State Warriors,2317920
C.J. McCollum,SG,Portland Trail Blazers,2316720
Anthony Parker,SG,Cleveland Cavaliers,2250000
Ben Wallace,PF,Detroit Pistons,2246400
DeShawn Stevenson,SG,Atlanta Hawks,2240450
Quincy Pondexter,SF,Memphis Grizzlies,2225479
C.J. Miles,SG,Cleveland Cavaliers,2225000
Meyers Leonard,C,Portland Trail Blazers,2222160
Alec Burks,PG,Utah Jazz,2202000
Michael Carter-Williams,PG,Philadelphia 76ers,2200920
Rudy Fernandez,SG,Denver Nuggets,2180443
Dante Cunningham,PF,Minnesota Timberwolves,2180000
Jordan Crawford,SG,Golden State Warriors,2162419
Greivis Vasquez,PG,Toronto Raptors,2150188
Jeremy Lamb,SG,Oklahoma City Thunder,2111160
Markieff Morris,PF,Phoenix Suns,2091840
Steven Adams,C,Oklahoma City Thunder,2090880
Anthony Johnson,PG,Orlando Magic,2062800
Brent Barry,SG,Houston Rockets,2062800
Brendan Haywood,C,Charlotte Hornets,2050000
C.J. Watson,PG,Indiana Pacers,2016000
Eric Maynor,PG,Washington Wizards,2016000
Nate Robinson,PG,Denver Nuggets,2016000
Jermaine O'Neal,C,Golden State Warriors,2000000
Vitor Faverani,C,Boston Celtics,2000000
Rasho Nesterovic,C,Toronto Raptors,1990000
Marcus Morris,PF,Phoenix Suns,1987320
Kelly Olynyk,C,Boston Celtics,1986360
Grant Hill,SF,Los Angeles Clippers,1975000
John Henson,C,Milwaukee Bucks,1905360
Darren Collison,PG,Los Angeles Clippers,1900000
Kawhi Leonard,SF,San Antonio Spurs,1887840
Shabazz Muhammad,SF,Minnesota Timberwolves,1887120
Dikembe Mutombo,C,Houston Rockets,1823280
Maurice Harkless,SF,Orlando Magic,1809840
Nikola Vucevic,C,Orlando Magic,1793520
Giannis Antetokounmpo,SG,Milwaukee Bucks,1792560
Jeff Ayres,C,San Antonio Spurs,1750000
Anthony Randolph,PF,Denver Nuggets,1750000
Royce White,PF,Sacramento Kings,1719480
Iman Shumpert,SG,New York Knicks,1703760
Reggie Evans,PF,Sacramento Kings,1695635
Renaldo Balkman,SF,Dallas Mavericks,1675000
Jeremy Evans,SF,Utah Jazz,1660257
Tyler Zeller,C,Cleveland Cavaliers,1633440
Chris Singleton,SF,Washington Wizards,1618680
John Lucas III,PG,Utah Jazz,1600000
Toney Douglas,PG,Miami Heat,1600000
Metta World Peace,SF,New York Knicks,1591650
Pablo Prigioni,PG,New York Knicks,1591350
Terrence Jones,PF,Houston Rockets,1551840
Jodie Meeks,SG,Los Angeles Lakers,1550000
Tobias Harris,SF,Orlando Magic,1545840
Shane Larkin,PG,Dallas Mavericks,1536960
Ronny Turiaf,C,Minnesota Timberwolves,1500000
Slava Kravtsov,C,Phoenix Suns,1500000
Gary Forbes, FBrooklyn Nets,1500000
Gustavo Ayon,PF,Atlanta Hawks,1500000
Andrew Nicholson,PF,Orlando Magic,1482000
Sergey Karasev,SG,Cleveland Cavaliers,1467840
Nando de Colo,PG,Toronto Raptors,1463000
Evan Fournier,SG,Denver Nuggets,1422720
Donatas Motiejunas,PF,Houston Rockets,1422720
Tony Snell,SG,Chicago Bulls,1409040
Craig Brackins,PF,Other,1404960
Quentin Richardson,SF,Toronto Raptors,1399507
Willie Green,SG,Los Angeles Clippers,1399507
Chris Andersen,PF,Miami Heat,1399507
Rashard Lewis,PF,Miami Heat,1399507
Scotty Hopson,SG,Cleveland Cavaliers,1388400
Andray Blatche,C,Brooklyn Nets,1375604
Kenneth Faried,PF,Denver Nuggets,1367640
Jared Sullinger,C,Boston Celtics,1365720
Gorgui Dieng,C,Minnesota Timberwolves,1352640
Kurt Thomas,PF,Chicago Bulls,1352181
Roko Ukic,PG,Milwaukee Bucks,1350000
Dennis Schroder,PG,Atlanta Hawks,1348200
Victor Claver,PF,Portland Trail Blazers,1330000
Hamed Haddadi,C,Phoenix Suns,1300000
Mason Plumlee,PF,Brooklyn Nets,1298640
Dominique Jones,SG,Dallas Mavericks,1276560
Francisco Garcia,SG,Houston Rockets,1265977
Reggie Jackson,PG,Oklahoma City Thunder,1260360
John Jenkins,SG,Atlanta Hawks,1258800
Solomon Hill,SF,Indiana Pacers,1246680
MarShon Brooks,SG,Los Angeles Lakers,1210080
Hasheem Thabeet,C,Oklahoma City Thunder,1200000
Pero Antic,C,Atlanta Hawks,1200000
Tim Hardaway Jr.,SG,New York Knicks,1196760
Christian Eyenga,SF,Cleveland Cavaliers,1174080
Jordan Hamilton,SF,Houston Rockets,1169880
Tony Wroten,SG,Philadelphia 76ers,1160040
Reggie Bullock,SG,Los Angeles Clippers,1149000
Ronnie Price,PG,Orlando Magic,1146337
Patty Mills,PG,San Antonio Spurs,1133950
Norris Cole,PG,Miami Heat,1129200
Miles Plumlee,C,Phoenix Suns,1121520
Cory Joseph,PG,San Antonio Spurs,1120920
Jimmy Butler,SG,Chicago Bulls,1112880
Dwayne Jones II,PF,Utah Jazz,1106942
Chris Quinn,PG,Cleveland Cavaliers,1106942
Stephen Graham,SF,Milwaukee Bucks,1106941
Joey Graham,SF,Cleveland Cavaliers,1106941
Arnett Moultrie,PF,Philadelphia 76ers,1089240
JaJuan Johnson,PF,Boston Celtics,1089240
Perry Jones,SF,Oklahoma City Thunder,1082520
Rudy Gobert,C,Utah Jazz,1078800
Marquis Teague,PG,Brooklyn Nets,1074720
Alando Tucker,SF,Minnesota Timberwolves,1071720
Von Wafer,SG,Orlando Magic,1069509
Kelenna Azubuike,SF,Cleveland Cavaliers,1069509
Festus Ezeli,C,Golden State Warriors,1066920
Archie Goodwin,SG,Phoenix Suns,1064400
Nemanja Nedovic,PG,Golden State Warriors,1056720
Luke Harangody,PF,Boston Celtics,1054389
Kyle Singler,SF,Detroit Pistons,1045000
Quinton Ross,SF,Brooklyn Nets,1033342
Jawad Williams,SF,Cleveland Cavaliers,1029389
Anthony Morrow,SG,New Orleans Pelicans,1027424
Donte Greene,SF,Boston Celtics,1027424
Lance Stephenson,SG,Indiana Pacers,1005000
Andrew Bynum,C,Indiana Pacers,1000000
Jon Brockman,PF,Houston Rockets,1000000
Ish Smith,PG,Phoenix Suns,951463
Alan Anderson,SF,Brooklyn Nets,947907
Reggie Williams,SG,Oklahoma City Thunder,947907
Omri Casspi,SF,Houston Rockets,947907
Chandler Parsons,SF,Houston Rockets,926500
James Anderson,SG,Philadelphia 76ers,916099
Daniel Orton,C,Philadelphia 76ers,916099
Chris Johnson,PF,Sacramento Kings,916099
Jeff Adrien,PF,Charlotte Bobcats,916099
Jon Leuer,PF,Memphis Grizzlies,900000
Pops Mensah-Bonsu,PF,Washington Wizards,885120
Bill Walker,SF,New York Knicks,885120
Alexander Johnson,SF,Miami Heat,885120
Salim Stoudamire,SG,Atlanta Hawks,884881
Donald Sloan,PG,Indiana Pacers,884293
Michael Beasley,SF,Miami Heat,884293
E'Twaun Moore,PG,Orlando Magic,884293
Anthony Tolliver,PF,Charlotte Bobcats,884293
Jannero Pargo,PG,Charlotte Bobcats,884293
Garrett Temple,SG,Washington Wizards,884,293
Mike Miller,SF,Memphis Grizzlies,884293
Beno Udrih,PG,Memphis Grizzlies,884293
Lance Thomas,SF,New Orleans Pelicans,884293
Aaron Brooks,PG,Houston Rockets,884293
Shelvin Mack,PG,Atlanta Hawks,884293
Draymond Green,SF,Golden State Warriors,875500
Quincy Douby,SG,Sacramento Kings,855189
Mouhamed Sene,C,New York Knicks,855189
Marcus Haislip, FSan Antonio Spurs,855189
Anthony Roberson,SG,Chicago Bulls,855189
Sundiata Gaines,PG,Indiana Pacers,854389
Darnell Jackson,PF,Indiana Pacers,854389
Jamaal Magloire,C,New Orleans Pelicans,854389
Sonny Weems,SF,Bilbao Basket Bilbao Basket,854389
Javaris Crittenton,PG,Washington Wizards,854389
Darius Miles,SF,Memphis Grizzlies,854389
Kenny Thomas,PF,Sacramento Kings,854389
Luke Jackson,SF,Miami Heat,854389
Josh Davis,SF,Memphis Grizzlies,854389
Dexter Pittman,C,Atlanta Hawks,854389
Chris Richard,PF,Chicago Bulls,854389
Anthony Carter,PG,Denver Nuggets,854389
Samardo Samuels,PF,Cleveland Cavaliers,854389
Etan Thomas,C,Atlanta Hawks,854389
Troy Murphy,PF,Dallas Mavericks,839312
Solomon Alabi,C,Philadelphia 76ers,830000
Michael Redd,SG,Phoenix Suns,826828
Desmond Mason,SF,Sacramento Kings,825497
Paul Davis,C,Washington Wizards,825497
Marcus Williams,SG,San Antonio Spurs,825497
Ryan Bowen,SF,Oklahoma City Thunder,825497
Kevin Ollie,PG,Oklahoma City Thunder,825497
Kareem Rush,SG,Los Angeles Clippers,825497
Lindsey Hunter,SG,Phoenix Suns,825497
Allen Crabbe,SG,Portland Trail Blazers,825000
Josh Childress,SF,New Orleans Pelicans,811469
Tyler Honeycutt,SF,Houston Rockets,809875
Sean Marks,PF,Portland Trail Blazers,799105
Elliot Williams,SG,Philadelphia 76ers,797545
Ike Diogu,PF,New York Knicks,792377
Kyle O'Quinn,PF,Orlando Magic,788872
Orlando Johnson,SG,Sacramento Kings,788872
Quincy Acy,SF,Toronto Raptors,788872
Justin Holiday,SG,Utah Jazz,788872
Jeff Taylor,SF,Charlotte Bobcats,788872
D.J. Kennedy,SG,Dallas Mavericks,788872
Andy Rautins,SG,New York Knicks,788872
Robert Vaden, NAOther,788872
Khris Middleton,PF,Milwaukee Bucks,788872
Zabian Dowdell,PG,Phoenix Suns,788872
Mike Scott,PF,Atlanta Hawks,788872
Quincy Miller,SF,Denver Nuggets,788872
Magnum Rolle, NAOther,788872
Jermaine Taylor,SG,Cleveland Cavaliers,780871
Josh Howard,SF,San Antonio Spurs,773976
Yi Jianlian,PF,Dallas Mavericks,771706
Mickell Gladness,C,Orlando Magic,762195
Justin Harper,PF,Orlando Magic,762195
Derrick Caracter,PF,Los Angeles Lakers,762195
Travis Leslie,PG,Other,762195
Brian Butch,C,Utah Jazz,762195
Cory Higgins,PG,Charlotte Hornets,762195
Jerome Jordan,C,Memphis Grizzlies,762195
Garret Siler,C,Phoenix Suns,762195
Taylor Griffin,PF,Phoenix Suns,762195
Jerome Dyson,PG,Phoenix Suns,762195
Josh Selby,PG,Cleveland Cavaliers,762195
Semih Erden,C,Boston Celtics,762195
Curtis Jerrells, NAOther,762195
Andre Roberson,SG,Oklahoma City Thunder,740560
Joe Crawford,SG,New York Knicks,736420
Dontell Jefferson,SG,Charlotte Hornets,736420
Mike Taylor,PG,Los Angeles Clippers,736420
Walter Sharpe,PF,Detroit Pistons,736420
DeMarcus Nelson,SG,Other,736420
Diante Garrett,PG,Utah Jazz,719266
Ime Udoka,SG,San Antonio Spurs,708640
Malcolm Thomas,PF,Utah Jazz,702233
Dwight Buycks,PG,Toronto Raptors,700000
Mike Wilks,PG,Oklahoma City Thunder,679821
Stephen Jackson,SF,Los Angeles Clippers,671022
Brian Skinner,PF,Memphis Grizzlies,668434
Chris Douglas-Roberts,SG,Charlotte Bobcats,660619
Hilton Armstrong,PF,Golden State Warriors,660619
Allen Iverson,SG,Philadelphia 76ers,650686
D.J. Augustin,PG,Toronto Raptors,650215
Alexis Ajinca,C,New Orleans Pelicans,635880
James Johnson,PF,Memphis Grizzlies,634610
Acie Law,PG,Golden State Warriors,633253
Isaiah Canaan,PG,Houston Rockets,570515
Jeremy Tyler,PF,New York Knicks,556584
Kendall Marshall,PG,Los Angeles Lakers,547570
Ricky Ledo,SG,Dallas Mavericks,544000
Lazar Hayward,SF,New Orleans Pelicans,542788
Jamaal Franklin,SG,Memphis Grizzlies,535000
Jason Williams,PG,Orlando Magic,524964
Ray McCallum,PG,Sacramento Kings,524616
Carrick Felix,SG,Cleveland Cavaliers,510000
Nate Wolters,PG,Milwaukee Bucks,500000
Tony Mitchell,PF,Detroit Pistons,500000
Elias Harris,SF,Los Angeles Lakers,490180
Ian Clark,SG,Utah Jazz,490180
Erik Murphy,PF,Chicago Bulls,490180
C.J. Leslie,SF,New York Knicks,490180
Nick Calathes,SG,Memphis Grizzlies,490180
Glen Rice Jr.,SG,Washington Wizards,490180
Jordan Henriquez,C,Houston Rockets,490180
Richard Howell,PF,Portland Trail Blazers,490180
Robert Covington,SF,Houston Rockets,490180
Arinze Onuaku,PF,Cleveland Cavaliers,490180
Peyton Siva,PG,Detroit Pistons,490180
Phil Pressey,PG,Boston Celtics,490180
Ryan Reid,PF,Oklahoma City Thunder,475000
Greg Somogyi,C,Los Angeles Lakers,473604
Stanley Robinson, NAOther,473604
Pooh Jeter,PG,Sacramento Kings,473604
Oscar Bellfield,PG,New York Knicks,473604
Hollis Thompson,SG,Philadelphia 76ers,473604
Devin Searcy,PF,Other,473604
Steven Gray,G,Washington Wizards,473604
Luke Zeller,PF,Phoenix Suns,473604
Matt Janning, NAOther,473604
James Mays,PF,Brooklyn Nets,473604
Dennis Horner,PF,Brooklyn Nets,473604
Vernon Macklin,PF,Detroit Pistons,473604
Carldell Johnson,PG,Atlanta Hawks,473604
Jamar Smith,SG,Boston Celtics,473604
Ismail Muhammad,SG,Atlanta Hawks,473604
Hedo Turkoglu,SF,Los Angeles Clippers,473357
Deron Washington, NAOther,457588
Lorenzo Brown,PG,Philadelphia 76ers,426745
Leandro Barbosa,SG,Phoenix Suns,410936
Peja Stojakovic,SF,Dallas Mavericks,402065
Luke Babbitt,SF,New Orleans Pelicans,387995
Walker Russell,PG,Oklahoma City Thunder,374300
Glen Davis,PF,Orlando Magic,338,594
Seth Curry,SG,Memphis Grizzlies,328709
Chris Johnson,SF,Boston Celtics,320189
Shavlik Randolph,PF,Phoenix Suns,306037
Dewayne Dedmon,C,Philadelphia 76ers,300000
Jason Collins,C,Brooklyn Nets,275691
Jeremy Pargo,PG,Bilbao Basket Bilbao Basket,264527
Gilbert Arenas,PG,Memphis Grizzlies,261829
Danny Granger,SF,Los Angeles Clippers,249683
Terrence Williams,SG,Boston Celtics,244710
Caron Butler,SF,Oklahoma City Thunder,244489
Jimmer Fredette,PG,Sacramento Kings,239279
Bobby Simmons,SF,Los Angeles Clippers,234268
Mustafa Shakur,PG,Oklahoma City Thunder,226162
Earl Boykins,PG,Houston Rockets,220487
Al Thornton,SF,Golden State Warriors,211084
Travis Diener,PG,Portland Trail Blazers,208802
Leon Powe,PF,Other,201033
Ben Uzoh,PG,Cleveland Cavaliers,190548
Shannon Brown,PG,San Antonio Spurs,188438
Jarvis Varnado,PF,Philadelphia 76ers,171696
Troy Daniels,SG,Houston Rockets,158588
James Singleton,SF,Washington Wizards,151585
Mike Muscala,C,Atlanta Hawks,138404
Armon Johnson,PG,Brooklyn Nets,104494
Manny Harris,PG,Los Angeles Lakers,104034
Cartier Martin,SF,Chicago Bulls,104034
D.J. White,PF,Charlotte Bobcats,104028
Willie Reed,PF,Sacramento Kings,102089
Justin Hamilton,C,Charlotte Bobcats,98036
Chris Babb,SG,Boston Celtics,77852
Morris Almond,SG,Washington Wizards,75793
Mikki Moore,C,Atlanta Hawks,75793
DaJuan Summers,SF,Los Angeles Clippers,72892
Ronnie Brewer,SF,Houston Rockets,69792
Dominic McGuire,PF,Utah Jazz,68,902
Damion James,SF,San Antonio Spurs,68902
Mike James,PG,Chicago Bulls,57627
Jorge Gutierrez,PG,Brooklyn Nets,54785
Shawne Williams,PF,Los Angeles Lakers,52017
Drew Gooden,PF,Washington Wizards,52017
Darius Morris,PG,Memphis Grizzlies,52017
Othyus Jeffers,SG,San Antonio Spurs,52017
Royal Ivey,PG,Oklahoma City Thunder,52017
Sasha Vujacic,SG,Los Angeles Clippers,52017
Lou Amundson,PF,Chicago Bulls,48854
Lester Hudson,SG,Utah Jazz,48232
Jared Cunningham,SG,Sacramento Kings,46404
Maalik Wayns,PG,Los Angeles Clippers,46404
Cedric Jackson,G,Cleveland Cavaliers,40375
Jeff Foote,C,New Orleans Pelicans,38194
Melvin Ely,C,New Orleans Pelicans,29788
James Nunnally,SF,Philadelphia 76ers,28834
Vander Blue,SG,Boston Celtics,28834
Chris Wright,PG,Dallas Mavericks,27859
Larry Owens,SF,Brooklyn Nets,22287
Mario West,SG,Brooklyn Nets,20103
Greg Smith,PF,Houston Rockets,15605
Josh Powell,PF,Houston Rockets,13958
Chris Wright,SF,Milwaukee Bucks,9281
Lamar Odom,PF,New York Knicks,8232
